id,wav,gt,npu,duration,chunks,infer_ms,cer,gt_len,npu_len,blank_ratio,edit_dist
8,7F_HJY/2025-11-19_09-09-14_12345555_101_101_wallpad_426878813_됐어.wav,됐어,됐어,2.4,1,233.2,0.0,2,2,94.7,0
10,7F_HJY/2025-11-19_09-09-30_12345555_101_101_wallpad_426895813_응_말해줘.wav,응 말해줘,응 말해줘,2.81,1,233.0,0.0,4,4,93.4,0
12,7F_HJY/2025-11-19_09-09-45_12345555_101_101_wallpad_426909813_만화를_틀려도_돼.wav,안 알려줘도 돼,안 알려줘도 돼,2.56,1,233.9,0.0,6,6,90.8,0
13,7F_HJY/2025-11-19_09-09-52_12345555_101_101_wallpad_426917813_괜찮아.wav,괜찮아,괜찮아,2.3,1,233.3,0.0,3,3,93.4,0
28,7F_HJY/2025-11-19_09-12-58_12345555_101_101_wallpad_427102813_달러_환율_알려줘.wav,달러 환율 알려줘,달러 환율 알려 줘,2.88,1,233.2,0.0,7,7,84.2,0
29,7F_HJY/2025-11-19_09-13-05_12345555_101_101_wallpad_427110813_엔비디아_주가_올랐어.wav,엔비디아 주가 올랐어?,엔비디아 주가 올랐어,3.07,2,467.0,0.0,9,9,91.4,0
35,7F_HJY/2025-11-19_09-13-58_12345555_101_101_wallpad_427162813_오후_네시에_출발하면_얼마나_걸려.wav,오후 열시에 출발하면 얼마나 걸려?,오후 열 시에 출발하면 얼마나 걸려,3.77,2,467.5,0.0,14,14,86.3,0
59,7F_HJY/2025-11-19_09-19-28_12345555_101_101_wallpad_427492813_가스밸브_닫아줘.wav,가스밸브 닫아줘,가스 밸브 닫아 줘,2.87,1,233.4,0.0,7,7,84.2,0
65,7F_HJY/2025-11-19_09-20-17_12345555_101_101_wallpad_427541813_지금_엘리베터몇_층이야.wav,지금 엘리베이터 몇층이야?,지금 엘리베이터 몇 층이야,3.1,2,468.1,0.0,11,11,87.1,0
68,7F_HJY/2025-11-19_09-20-47_12345555_101_101_wallpad_427571813_문_열어줘.wav,문 열어줘,문 열어 줘,2.55,1,233.1,0.0,4,4,86.8,0
73,7F_HJY/2025-11-19_09-21-29_12345555_101_101_wallpad_427613813_빨리_도와줘.wav,빨리 도와줘,빨리 도와줘,2.52,1,233.7,0.0,5,5,88.2,0
75,7F_HJY/2025-11-19_09-21-43_12345555_101_101_wallpad_427628813_응급_상황이야.wav,응급상황이야,응급 상황이야,2.69,1,233.6,0.0,6,6,90.8,0
76,7F_HJY/2025-11-19_09-21-51_12345555_101_101_wallpad_427635813_긴급한_상황이야.wav,긴급한 상황이야,긴급한 상황이야,2.78,1,233.2,0.0,7,7,89.5,0
78,7F_HJY/2025-11-19_09-22-05_12345555_101_101_wallpad_427649813_도와줄세요_고.wav,도와주세요,도와주세요,2.62,1,232.9,0.0,5,5,90.8,0
81,7F_HJY/2025-11-19_09-22-34_12345555_101_101_wallpad_427678813_지난달_소업세_얼마였지.wav,지난달 수도세 얼마였지?,지난달 수도세 얼마였지,3.32,2,466.1,0.0,10,10,91.4,0
84,7F_HJY/2025-11-19_09-23-01_12345555_101_101_wallpad_427705813_이십삼년_십일월_가스_사용량_알려줘.wav,이십삼년 십일월 가스 사용량 알려줘,이십삼년 십일월 가스 사용량 알려줘,4.06,2,466.4,0.0,15,15,89.2,0
89,7F_HJY/2025-11-19_09-23-43_12345555_101_101_wallpad_427747813_소리_좀_줄여줘.wav,소리 좀 줄여줘,소리 좀 줄여 줘,2.78,1,233.3,0.0,6,6,88.2,0
91,7F_HJY/2025-11-19_09-23-58_12345555_101_101_wallpad_427762813_소리_좀_더_크게_해줘.wav,소리 좀 더 크게해줘,소리  좀 더 크게 해 줘,2.94,1,233.3,0.0,8,8,82.9,0
94,7F_HJY/2025-11-19_09-24-21_12345555_101_101_wallpad_427786813_한_단계_더_낮춰줘.wav,한단계 더 낮춰줘,한 단계 더 낮춰 줘,2.94,1,234.0,0.0,7,7,84.2,0
95,7F_HJY/2025-11-19_09-24-28_12345555_101_101_wallpad_427793813_좀만_더_낮춰줘.wav,좀만 더 낮춰줘,좀만 더 낮춰 줘,2.81,1,233.1,0.0,6,6,89.5,0
96,7F_HJY/2025-11-19_09-24-36_12345555_101_101_wallpad_427800813_화면이_너무_밝아.wav,화면이 너무 밝아,화면이 너무 밝아,2.78,1,233.9,0.0,7,7,86.8,0
97,7F_HJY/2025-11-19_09-24-44_12345555_101_101_wallpad_427808813_화면이_너무_어두워.wav,화면이 너무 어두워,화면이 너무 어두워,2.87,1,233.2,0.0,8,8,88.2,0
98,7F_HJY/2025-11-19_09-24-52_12345555_101_101_wallpad_427816813_화면_더_밝이_해줘.wav,화면 더 밝게 해줘,화면 더 밝게 해 줘,2.9,1,233.3,0.0,7,7,84.2,0
100,7F_HJY/2025-11-19_09-25-07_12345555_101_101_wallpad_427832813_화면_제일_밝게_해줘.wav,화면 제일 밝게 해줘,화면 제일 밝게 해 줘,2.98,1,233.2,0.0,8,8,81.6,0
101,7F_HJY/2025-11-19_09-25-15_12345555_101_101_wallpad_427839813_화면_제일_어둡게_해줘.wav,화면 제일 어둡게 해줘,화면 제일 어둡게 해 줘,2.97,1,233.8,0.0,9,9,82.9,0
102,7F_HJY/2025-11-19_09-25-22_12345555_101_101_wallpad_427847813_알림음_꺼줘.wav,알림음 꺼줘,알림음 꺼 줘,2.75,1,233.4,0.0,5,5,89.5,0
115,7F_KSK/12345555_101_101_wallpad_346099813_2025-11-18_10:42:55_알려줘.wav,알려줘,알려 줘,2.4,1,233.1,0.0,3,3,94.7,0
116,7F_KSK/12345555_101_101_wallpad_346106813_2025-11-18_10:43:01_됐어.wav,됐어,됐어,1.45,1,233.3,0.0,2,2,94.7,0
118,7F_KSK/12345555_101_101_wallpad_346119813_2025-11-18_10:43:14_응_말해줘.wav,응 말해줘,응 말해줘,0.96,1,233.8,0.0,4,4,92.1,0
121,7F_KSK/12345555_101_101_wallpad_346139813_2025-11-18_10:43:34_괜찮아.wav,괜찮아,괜찮아,2.18,1,234.1,0.0,3,3,93.4,0
134,7F_KSK/12345555_101_101_wallpad_346265813_2025-11-18_10:45:40_오늘_경제_뉴스_알려줘.wav,오늘 경제뉴스 알려줘,오늘 경제 뉴스 알려 줘,2.54,1,233.1,0.0,9,9,86.8,0
140,7F_KSK/12345555_101_101_wallpad_346313813_2025-11-18_10:46:29_어제_한국대_브라질_축구_어떻게_됐어.wav,어제 한국 대 브라질 축구 어떻게 됐어?,어제 한국 대 브라질 축구 어떻게 됐어,2.78,1,232.8,0.0,15,15,77.6,0
152,7F_KSK/12345555_101_101_wallpad_346411813_2025-11-18_10:48:07_대전_카페거리까지_가장_빠른_길_알려줘.wav,대전 카페거리까지 가장 빠른길 알려줘,대전 카페거리까지 가장 빠른 길 알려 줘,2.64,1,233.9,0.0,16,16,73.7,0
154,7F_KSK/12345555_101_101_wallpad_346438813_2025-11-18_10:48:34_대전_벽화마을를_가는데_얼마나_걸리지.wav,대전 벽화마을 가는데 얼마나 걸리지?,대전 벽화마을 가는데 얼마나 걸리지,2.37,1,233.2,0.0,15,15,76.3,0
156,7F_KSK/12345555_101_101_wallpad_346456813_2025-11-18_10:48:51_대전_엑스포_아쿠아리움_가는_길_알려줘.wav,대전 엑스포 아쿠아리움 가는길 알려줘,대전 엑스포 아쿠아리움 가는 길 알려 줘,2.96,1,234.0,0.0,16,16,71.1,0
162,7F_KSK/12345555_101_101_wallpad_346525813_2025-11-18_10:50:01_가스밸브_현제_열려_있어.wav,가스밸브 현재 열려있어?,가스 밸브 현재 열려 있어,2.77,1,233.1,0.0,10,10,80.3,0
170,7F_KSK/12345555_101_101_wallpad_346581813_2025-11-18_10:50:57_가스밸브_한시간_뒤에_닫아줘.wav,가스밸브 한시간 뒤에 닫아줘,가스 밸브 한 시간 뒤에 닫아 줘,2.97,1,233.1,0.0,12,12,73.7,0
177,7F_KSK/12345555_101_101_wallpad_346633813_2025-11-18_10:51:49_열어.wav,열어,열어,1.53,1,233.0,0.0,2,2,96.1,0
186,7F_KSK/12345555_101_101_wallpad_346690813_2025-11-18_10:52:46_도와주세요.wav,도와주세요,도와주세요,2.35,1,233.9,0.0,5,5,90.8,0
187,7F_KSK/12345555_101_101_wallpad_346698813_2025-11-18_10:52:53_이번_달에_관리비_얼마나_썼니.wav,이번달에 관리비 얼마나 썼니?,이번 달에 관리비 얼마나 썼니,2.73,1,233.8,0.0,12,12,78.9,0
188,7F_KSK/12345555_101_101_wallpad_346705813_2025-11-18_10:53:01_작년_십일월월_관리비_얼마_나왔어.wav,작년 십이월 관리비 얼마 나왔어?,작년 십 이 월 관리비 얼마 나왔어,2.61,1,232.9,0.0,13,13,77.6,0
189,7F_KSK/12345555_101_101_wallpad_346713813_2025-11-18_10:53:09_지난달_수도세_얼마였지.wav,지난달 수도세 얼마였지?,지난달 수도세 얼마였지,2.94,1,233.1,0.0,10,10,85.5,0
191,7F_KSK/12345555_101_101_wallpad_346731813_2025-11-18_10:53:26_이천십구년_십일월_정기세는_얼마였어.wav,이천십구년 십일월 전기세는 얼마였어?,이천십 구 년 십 일 월 전기세는 얼마였어,2.76,1,233.1,0.0,16,16,73.7,0
193,7F_KSK/12345555_101_101_wallpad_346748813_2025-11-18_10:53:43_이천이십사년_칠월_버스비_알려줘.wav,이천이십사년 칠월 가스비 알려줘,이천 이십 사 년 칠 월 가스비 알려줘,2.41,1,233.9,0.0,14,14,75.0,0
194,7F_KSK/12345555_101_101_wallpad_346757813_2025-11-18_10:53:52_이십_오년_이월_난방비_얼마야.wav,이십오년 이월 난방비 얼마야?,이십 오 년 이 월 난방비 얼마야,2.79,1,232.9,0.0,12,12,76.3,0
203,7F_KSK/12345555_101_101_wallpad_346820813_2025-11-18_10:54:56_좀만_더_낮춰줘.wav,좀만 더 낮춰줘,좀만 더 낮춰줘,2.25,1,233.4,0.0,6,6,89.5,0
205,7F_KSK/12345555_101_101_wallpad_346833813_2025-11-18_10:55:09_화면이_너무_어두워.wav,화면이 너무 어두워,화면이 너무 어두워,1.28,1,233.9,0.0,8,8,88.2,0
209,7F_KSK/12345555_101_101_wallpad_346918813_2025-11-18_10:56:33_화면_제일_어둡게_해줘.wav,화면 제일 어둡게 해줘,화면 제일 어둡게 해줘,2.53,1,232.9,0.0,9,9,85.5,0
214,7F_KSK/12345555_101_101_wallpad_346950813_2025-11-18_10:57:06_알람_십분_뒤에_가시_켜줘.wav,알람 십분 뒤에 다시 켜줘,알람 십 분 뒤에 다시 켜 줘,2.94,1,233.5,0.0,10,10,78.9,0
223,modelhouse_2m/2025-12-02_14-38-56_12345567_101_105_wallpad_1803368320_가스밸브_현재_열려있어.mp3,가스밸브 현재 열려있어?,가스 밸브 현재 열려 있어,2.87,1,233.3,0.0,10,10,81.6,0
224,modelhouse_2m/2025-12-02_14-39-03_12345567_101_105_wallpad_1803375320_응_닫아줘.mp3,응 닫아줘,응 닫아 줘,2.4,1,233.4,0.0,4,4,86.8,0
226,modelhouse_2m/2025-12-02_14-39-23_12345567_101_105_wallpad_1803395320_문_열어줘.mp3,문 열어줘,문 열어 줘,2.46,1,233.2,0.0,4,4,88.2,0
230,modelhouse_2m/2025-12-02_14-40-05_12345567_101_105_wallpad_1803437320_편하이_너무_밝아.mp3,화면이 너무 밝아,화면이 너무 밝아,2.78,1,233.0,0.0,7,7,86.8,0
232,modelhouse_2m/2025-12-02_14-44-34_12345567_101_105_wallpad_1570198813_관리자무소_전화번호가_어떻게_되지.mp3,관리사무소 전화번호가 어떻게 되지?,관리사무소 전화번호가 어떻게 되지,3.77,2,467.1,0.0,15,15,90.6,0
240,modelhouse_2m/2025-12-02_14-46-05_12345567_101_105_wallpad_1570289813_가스_밸브_현재_열려_있어.mp3,가스밸브 현재 열려있어?,가스 밸브 현재 열려 있어,3.61,2,467.1,0.0,10,10,87.8,0
243,modelhouse_2m/2025-12-02_14-46-36_12345567_101_105_wallpad_1570320813_문_열어줘.mp3,문 열어줘,문 열어 줘,2.68,1,233.8,0.0,4,4,88.2,0
248,modelhouse_2m/2025-12-02_14-47-25_12345567_101_105_wallpad_1570369813_알림음_꺼줘.mp3,알림음 꺼줘,알림음 꺼 줘,2.78,1,233.9,0.0,5,5,88.2,0
250,modelhouse_2m/2025-12-02_14-49-03_12345567_101_105_wallpad_1570467813_뭔데_답빼줘.mp3,뭔데? 해줘.,뭔데 해줘,2.78,1,233.1,0.0,4,4,92.1,0
253,modelhouse_2m/2025-12-02_14-49-28_12345567_101_105_wallpad_1570492813_최대_소독_알려줘.mp3,세대소독 알려줘,세대소독 알려줘,3.0,1,232.9,0.0,7,7,90.8,0
260,modelhouse_2m/2025-12-02_14-50-32_12345567_101_105_wallpad_1570556813_문_열어줘.mp3,문 열어줘,문 열어 줘,2.72,1,233.2,0.0,4,4,89.5,0
268,modelhouse_2m_noheater/2025-12-02_14-54-00_12345567_101_105_wallpad_1570764813_지난_공지사항_알려줘.mp3,지난 공지사항 알려줘,지난 공지사항 알려 줘,3.26,2,465.9,0.0,9,9,92.1,0
269,modelhouse_2m_noheater/2025-12-02_14-54-22_12345567_101_105_wallpad_1570786813_칠월_오일_공지_알려줘.mp3,칠월오일 공지 알려줘,칠 월 오 일 공지 알려 줘,3.33,2,467.0,0.0,9,9,89.2,0
270,modelhouse_2m_noheater/2025-12-02_14-54-31_12345567_101_105_wallpad_1570795813_세대_소독_알려줘.mp3,세대소독 알려줘,세대소독 알려 줘,2.62,1,233.9,0.0,7,7,89.5,0
271,modelhouse_2m_noheater/2025-12-02_14-54-45_12345567_101_105_wallpad_1570809813_오늘_경제_뉴스_알려줘.mp3,오늘 경제뉴스 알려줘,오늘 경제 뉴스 알려줘,3.0,1,233.6,0.0,9,9,88.2,0
272,modelhouse_2m_noheater/2025-12-02_14-54-58_12345567_101_105_wallpad_1570822813_집에서_회사까지_몇_분_걸려.mp3,집에서 회사까지 몇분 걸려?,집에서 회사까지 몇 분 걸려,3.65,2,465.9,0.0,11,11,90.6,0
275,modelhouse_2m_noheater/2025-12-02_14-55-27_12345567_101_105_wallpad_1570851813_문_닫아줘.mp3,응 닫아줘,응 닫아 줘,2.36,1,233.2,0.0,4,4,89.5,0
277,modelhouse_2m_noheater/2025-12-02_14-55-44_12345567_101_105_wallpad_1570868813_문_열어줘.mp3,문 열어줘,문 열어 줘,2.55,1,233.0,0.0,4,4,88.2,0
278,modelhouse_2m_noheater/2025-12-02_14-55-52_12345567_101_105_wallpad_1570876813_살려줘_도와줘_비상.mp3,살려줘 도와줘 비상,살려줘 도와줘 비상,3.52,2,466.5,0.0,8,8,92.8,0
282,modelhouse_2m_noheater/2025-12-02_14-56-24_12345567_101_105_wallpad_1570908813_알림음_꺼줘.mp3,알림음 꺼줘,알림음 꺼 줘,2.68,1,232.9,0.0,5,5,88.2,0
284,modelhouse_2m_noheater/2025-12-02_14-57-45_12345567_101_105_wallpad_1570989813_뭔데_해줘.mp3,뭔데? 해줘.,뭔데 해줘,2.68,1,233.2,0.0,4,4,92.1,0
286,modelhouse_2m_noheater/2025-12-02_14-58-03_12345567_101_105_wallpad_1571007813_칠월_오일_공지_알려줘.mp3,칠월오일 공지 알려줘,칠 월 오 일 공지 알려 줘,3.48,2,467.1,0.0,9,9,89.2,0
291,modelhouse_2m_noheater/2025-12-02_14-58-57_12345567_101_105_wallpad_1571061813_가스_밸브_현재_열려_있어.mp3,가스밸브 현재 열려있어?,가스 밸브 현재 열려 있어,3.52,2,466.8,0.0,10,10,88.5,0
292,modelhouse_2m_noheater/2025-12-02_14-59-04_12345567_101_105_wallpad_1571068813_응_닫아줘.mp3,응 닫아줘,응 닫아 줘,2.71,1,233.1,0.0,4,4,86.8,0
294,modelhouse_2m_noheater/2025-12-02_14-59-21_12345567_101_105_wallpad_1571085813_문_열어줘.mp3,문 열어줘,문 열어 줘,2.62,1,233.9,0.0,4,4,86.8,0
296,modelhouse_2m_noheater/2025-12-02_14-59-40_12345567_101_105_wallpad_1571104813_이번_달에_걸리비_얼마나_썼니.mp3,이번달에 관리비 얼마나 썼니?,이번 달에 관리비 얼마나 썼니,3.64,2,466.8,0.0,12,12,87.1,0
298,modelhouse_2m_noheater/2025-12-02_14-59-57_12345567_101_105_wallpad_1571121813_화면이_너무_밝아.mp3,화면이 너무 밝아,화면이 너무 밝아,2.94,1,233.8,0.0,7,7,88.2,0
299,modelhouse_2m_noheater/2025-12-02_15-00-05_12345567_101_105_wallpad_1571129813_알림음_꺼줘.mp3,알림음 꺼줘,알림음 꺼 줘,2.88,1,233.9,0.0,5,5,88.2,0
304,modelhouse_2m_noheater/2025-12-02_15-03-48_12345567_101_105_wallpad_1571352813_세대_소독_알려줘.mp3,세대소독 알려줘,세대 소독 알려 줘,2.91,1,233.2,0.0,7,7,89.5,0
307,modelhouse_2m_noheater/2025-12-02_15-04-17_12345567_101_105_wallpad_1571381813_근처_우리_동네_주유소_휘발유_평균_가격이_어때.mp3,근처 우리동네 주유소 휘발유 평균 가격이 어때?,근처 우리 동네 주유소 휘발유 평균 가격이 어때,4.99,2,466.4,0.0,19,19,82.7,0
309,modelhouse_2m_noheater/2025-12-02_15-04-34_12345567_101_105_wallpad_1571398813_응_닫아줘.mp3,응 닫아줘,응 닫아 줘,2.78,1,233.7,0.0,4,4,86.8,0
311,modelhouse_2m_noheater/2025-12-02_15-04-52_12345567_101_105_wallpad_1571416813_문_열어줘.mp3,문 열어줘,문 열어 줘,2.58,1,232.9,0.0,4,4,88.2,0
315,modelhouse_2m_noheater/2025-12-02_15-05-27_12345567_101_105_wallpad_1571451813_화면이_너무_밝아.mp3,화면이 너무 밝아,화면이 너무 밝아,2.94,1,232.8,0.0,7,7,88.2,0
316,modelhouse_2m_noheater/2025-12-02_15-05-34_12345567_101_105_wallpad_1571458813_알림음_꺼줘.mp3,알림음 꺼줘,알림음 꺼 줘,2.69,1,233.2,0.0,5,5,88.2,0
322,modelhouse_3m/2025-12-02_13-31-47_12345567_101_105_wallpad_1799339320_오늘_덤파뉴스_알려줘.mp3,오늘 경제뉴스 알려줘,오늘 경제 뉴스 알려줘,3.0,1,233.0,0.0,9,9,86.8,0
325,modelhouse_3m/2025-12-02_13-36-18_12345567_101_105_wallpad_1799610320_가스밸브_현재_열려있어.mp3,가스밸브 현재 열려있어?,가스 밸브 현재 열려 있어,2.68,1,233.0,0.0,10,10,78.9,0
328,modelhouse_3m/2025-12-02_13-39-06_12345567_101_105_wallpad_1799778320_누문지_열어줘.mp3,문 열어줘,문 열어 줘,2.27,1,233.1,0.0,4,4,89.5,0
343,modelhouse_3m/2025-12-02_14-04-49_12345567_101_105_wallpad_1801320320_응_받다줘.mp3,응 닫아줘,응 닫아줘,2.84,1,233.0,0.0,4,4,92.1,0
345,modelhouse_3m/2025-12-02_14-06-17_12345567_101_105_wallpad_1801409320_문_열어_줘.mp3,문 열어줘,문 열어 줘,2.66,1,233.1,0.0,4,4,86.8,0
350,modelhouse_3m/2025-12-02_14-11-11_12345567_101_105_wallpad_1801703320_알내문_켜줘.mp3,알림음 켜줘,알림음 켜 줘,2.88,1,233.4,0.0,5,5,88.2,0
358,modelhouse_3m/2025-12-02_14-21-46_12345567_101_105_wallpad_1802338320_근처_우리_동네_주유소_휘발_평균_가격이_어때.mp3,근처 우리동네 주유소 휘발유 평균 가격이 어때?,근처 우리 동네 주유소 휘발유 평 균 가격이 어때,5.37,2,466.2,0.0,19,19,82.0,0
362,modelhouse_3m/2025-12-02_14-25-49_12345567_101_105_wallpad_1802581320_문_열어줘.mp3,문 열어줘,문 열어 줘,2.55,1,233.6,0.0,4,4,85.5,0
49,7F_HJY/2025-11-19_09-18-10_12345555_101_101_wallpad_427414813_근처_우리_동네_주유_휘발유_평균_가격이_어때.wav,근처 우리동네 주유소 휘발유 평균 가격이 어때?,근처 우리 동네 주유소 휘발유 평 균 가격이 어때 음,4.5,2,468.1,5.26,19,20,81.3,1
222,modelhouse_2m/2025-12-02_14-38-44_12345567_101_105_wallpad_1803356320_근처_우리_동네_주교소_휘발리_평균_가격이_어때.mp3,근처 우리동네 주유소 휘발유 평균 가격이 어때?,근처 우리 동네 주유소 휘발유 평균 가격이 어때으,4.42,2,466.6,5.26,19,20,82.0,1
273,modelhouse_2m_noheater/2025-12-02_14-55-08_12345567_101_105_wallpad_1570832813_근처_우리_동네_주유소_휘발_평균_가격이_어때.mp3,근처 우리동네 주유소 휘발유 평균 가격이 어때?,근처 우리 동네 주유소 휘발유 평균 가격이 어때 어,4.8,2,466.3,5.26,19,20,81.3,1
290,modelhouse_2m_noheater/2025-12-02_14-58-41_12345567_101_105_wallpad_1571045813_근처_우리_동네네_주유소_휘발유_평균_가격이_어때.mp3,근처 우리동네 주유소 휘발유 평균 가격이 어때?,근처 우리 동네 주유소 휘 수발유 평균 가격이 어때,5.43,2,467.7,5.26,19,20,82.0,1
324,modelhouse_3m/2025-12-02_13-35-33_12345567_101_105_wallpad_1799565320_근처_우리_동네_주유소_티바유_파트_가격이_어때.mp3,근처 우리동네 주유소 휘발유 평균 가격이 어때?,근처 우리 동네 주유소 휘발유 평균 가격이 어때 음,4.44,2,466.8,5.26,19,20,83.5,1
32,7F_HJY/2025-11-19_09-13-31_12345555_101_101_wallpad_427135813_어제_한국된_브라질_주구_어떻게_됐어.wav,어제 한국 대 브라질 축구 어떻게 됐어?,어제 한국 대 브라질 축구 어떻게 됐 오,3.99,2,466.6,6.67,15,15,86.3,1
107,7F_KSK/12345555_101_101_wallpad_346036813_2025-11-18_10:41:52_관리자무속_전화번호가_어떻게_되지.wav,관리사무소 전화번호가 어떻게 되지?,관리사무소 전화번호가 어떻게 되지 어,2.47,1,234.0,6.67,15,16,81.6,1
215,modelhouse_2m/2025-12-02_14-37-10_12345567_101_105_wallpad_1803262320_알리사고_전화번호가_어떻게_되지.mp3,관리사무소 전화번호가 어떻게 되지?,관리사무소 전화번호가 어떻게 되지 우,3.04,2,466.3,6.67,15,16,88.5,1
249,modelhouse_2m/2025-12-02_14-48-55_12345567_101_105_wallpad_1570459813_걸리사무소_전화번호가_어떻게_되지.mp3,관리사무소 전화번호가 어떻게 되지?,관리사무소 전화번호가 어떻게 되지 어,3.8,2,466.9,6.67,15,16,89.9,1
266,modelhouse_2m_noheater/2025-12-02_14-53-41_12345567_101_105_wallpad_1570745813_관리사무소_전화번호가_어떻게_되지.mp3,관리사무소 전화번호가 어떻게 되지?,관리사무소 전화번호가 어떻게 되지 오,3.04,2,466.3,6.67,15,16,89.9,1
300,modelhouse_2m_noheater/2025-12-02_15-03-15_12345567_101_105_wallpad_1571319813_관리사무소_전화번호가_어떻게_되지.mp3,관리사무소 전화번호가 어떻게 되지?,관리사무소 전화번호가 어떻게 되 어,3.93,2,466.0,6.67,15,15,90.6,1
351,modelhouse_3m/2025-12-02_14-12-43_12345567_101_105_wallpad_1801794320_관리사에소_전화번호가_어떻게_되지.mp3,관리사무소 전화번호가 어떻게 되지?,관리사무소 전화번호가 어떻게 되지 음,3.74,2,466.2,6.67,15,16,89.9,1
36,7F_HJY/2025-11-19_09-14-06_12345555_101_101_wallpad_427171813_여기서_미팅_장소까지_얼마나_걸려.wav,여기서 미팅장소까지 얼마나 걸려?,여기서 미팅 장소까지 얼마나 걸려 음,3.81,2,467.1,7.14,14,15,88.5,1
39,7F_HJY/2025-11-19_09-16-38_12345555_101_101_wallpad_427322813_지금_집으로_출발하면_언제_도착해.wav,지금 집으로 출발하면 언제 도착해?,지금 집으로 출발하면 언제 도착해 음,3.77,2,466.6,7.14,14,15,87.1,1
43,7F_HJY/2025-11-19_09-17-16_12345555_101_101_wallpad_427361813_대전_중앙시장_가하길_보내볼려.wav,대전 중앙시장 가는데 얼마나 걸려?,대전중앙시장 가는데 얼마나 걸려 음,3.52,2,467.3,7.14,14,15,88.5,1
147,7F_KSK/12345555_101_101_wallpad_346371813_2025-11-18_10:47:27_지금_집으로_출발하면_언제_도착해.wav,지금 집으로 출발하면 언제 도착해?,지금 집으로 출발하면 언제 도착  게,3.43,2,467.2,7.14,14,14,86.3,1
151,7F_KSK/12345555_101_101_wallpad_346403813_2025-11-18_10:47:58_대전_중앙시장_가는데_얼마나_걸려.wav,대전 중앙시장 가는데 얼마나 걸려?,대전중앙시장 가는데 얼마나 걸려얼,2.35,1,233.0,7.14,14,15,80.3,1
80,7F_HJY/2025-11-19_09-22-26_12345555_101_101_wallpad_427670813_작년_십이월_관리비_얼마_나왔어.wav,작년 십이월 관리비 얼마 나왔어?,작년 십이월 관리비 얼마 나왔어 음,3.51,2,467.7,7.69,13,14,87.8,1
149,7F_KSK/12345555_101_101_wallpad_346387813_2025-11-18_10:47:42_대전역까지_가장_빠른_길_알려줘.wav,대전역까지 가장 빠른길 알려줘,대전역까지 가장 빠른 길 알려 줘  왜,2.66,1,232.7,7.69,13,14,75.0,1
153,7F_KSK/12345555_101_101_wallpad_346419813_2025-11-18_10:48:15_국립중앙박물관_가는_길_알려줘.wav,국립중앙박물관 가는 길 알려줘,국립중앙박물관 가는 길 알 알줘,3.93,2,467.6,7.69,13,13,89.2,1
1,7F_HJY/2025-11-19_09-08-16_12345555_101_101_wallpad_426820813_관리사무서_전화번호_알려줘.wav,관리사무소 전화번호 알려줘,관리사무소 전화번호 알려 줘 음,3.32,2,467.7,8.33,12,13,89.2,1
30,7F_HJY/2025-11-19_09-13-14_12345555_101_101_wallpad_427118813_경제_뉴스_간단하게_정리해줘.wav,경제 뉴스 간단하게 정리해줘,경제 뉴스 간단하게 정리해 줘 음,3.64,2,466.2,8.33,12,13,87.1,1
38,7F_HJY/2025-11-19_09-14-23_12345555_101_101_wallpad_427187813_집까지_가는데_얼마나_걸리지.wav,집까지 가는데 얼마나 걸리지?,집까지 가는데 얼마나 걸리지  음,3.23,2,466.5,8.33,12,13,89.2,1
50,7F_HJY/2025-11-19_09-18-18_12345555_101_101_wallpad_427422813_근처에_가장_싼_주유소_알려줘.wav,근처에 가장 싼 주유소 알려줘,근처에 가장 싼 주유소 알려 줘 음,3.58,2,467.5,8.33,12,13,87.1,1
79,7F_HJY/2025-11-19_09-22-17_12345555_101_101_wallpad_427662813_이번_달에_관리비_얼마나_썼니.wav,이번달에 관리비 얼마나 썼니?,이번 달에 관리비 얼마나 썼니 음,3.35,2,466.2,8.33,12,13,87.1,1
86,7F_HJY/2025-11-19_09-23-18_12345555_101_101_wallpad_427722813_이십오년_이월_난방비_얼마야.wav,이십오년 이월 난방비 얼마야?,이십오년 이 월 난방비 얼마야 음,3.55,2,466.6,8.33,12,13,88.5,1
138,7F_KSK/12345555_101_101_wallpad_346297813_2025-11-18_10:46:12_경제_뉴스_간단하게_정리해줘.wav,경제 뉴스 간단하게 정리해줘,경제 뉴스 간단하게 정리해 줘 찾,2.27,1,234.0,8.33,12,13,77.6,1
228,modelhouse_2m/2025-12-02_14-39-45_12345567_101_105_wallpad_1803417320_이번_달에_관립비_얼마나_썼니.mp3,이번달에 관리비 얼마나 썼니?,이번 달에 관리비 얼마나 썼니 둘,3.74,2,465.9,8.33,12,13,86.3,1
262,modelhouse_2m/2025-12-02_14-50-49_12345567_101_105_wallpad_1570573813_이번_달에_관리비_얼마나_썼니.mp3,이번달에 관리비 얼마나 썼니?,이번 달에 관리비 얼마나 썼니 음,3.55,2,466.8,8.33,12,13,87.1,1
330,modelhouse_3m/2025-12-02_13-41-50_12345567_101_105_wallpad_1799942320_이번_달에_발일비_얼마나_썼니.mp3,이번달에 관리비 얼마나 썼니?,이번 달에 관리비 얼마나 썼니 둘,3.67,2,466.8,8.33,12,13,87.1,1
20,7F_HJY/2025-11-19_09-11-53_12345555_101_101_wallpad_427038813_일월_십팔일_공지_알려줘.wav,일월 이십팔일 공지 알려줘,일월 이십팔 일 공지 알려 줘 음,3.38,2,466.1,9.09,11,12,89.9,1
27,7F_HJY/2025-11-19_09-12-50_12345555_101_101_wallpad_427095813_한국경제_일면_뉴스_읽어줘.wav,한국경제 일면뉴스 읽어줘,한국 경제 일면 뉴스 읽어 줘 음,3.67,2,466.9,9.09,11,12,87.1,1
34,7F_HJY/2025-11-19_09-13-49_12345555_101_101_wallpad_427153813_집에서_회사까지_몇_분_걸려.wav,집에서 회사까지 몇분 걸려?,집에서 회사까지 몇 분 걸려 음,3.38,2,467.2,9.09,11,12,89.9,1
51,7F_HJY/2025-11-19_09-18-25_12345555_101_101_wallpad_427430813_집_근처_휘연유_가격_알려줘.wav,집 근처 휘발유 가격 알려줘,집 근처 휘발유간격 알려 줘,3.35,2,467.8,9.09,11,11,87.1,1
61,7F_HJY/2025-11-19_09-19-43_12345555_101_101_wallpad_427508813_가스밸브_오분_후에_닫아줘.wav,가스밸브 오분 후에 닫아줘,가스 밸브 오 분 후에 닫아 줘 음,3.51,2,467.4,9.09,11,12,85.6,1
135,7F_KSK/12345555_101_101_wallpad_346273813_2025-11-18_10:45:49_한국경제_일면_뉴스_읽어줘.wav,한국경제 일면뉴스 읽어줘,한국 경제 일면 뉴스 읽어죠,2.35,1,233.1,9.09,11,11,82.9,1
142,7F_KSK/12345555_101_101_wallpad_346330813_2025-11-18_10:46:46_집에서_회사까지_몇_분_걸려.wav,집에서 회사까지 몇분 걸려?,집에서 회사까지 몇 분 걸려회,2.41,1,233.3,9.09,11,12,81.6,1
221,modelhouse_2m/2025-12-02_14-38-25_12345567_101_105_wallpad_1803337320_집에서_회사까지_몇_분_걸려.mp3,집에서 회사까지 몇분 걸려?,집에서 회사까지 몇 분 걸려 에,3.45,2,466.7,9.09,11,12,89.2,1
238,modelhouse_2m/2025-12-02_14-45-42_12345567_101_105_wallpad_1570266813_집에서_회사까지_몇_분_걸려.mp3,집에서 회사까지 몇분 걸려?,집에서 회사까지 몇 분 걸려 둘,3.58,2,466.1,9.09,11,12,89.9,1
255,modelhouse_2m/2025-12-02_14-49-46_12345567_101_105_wallpad_1570510813_집에서_회사까지_몇_분_걸려.mp3,집에서 회사까지 몇분 걸려?,집에서 회사까지 몇 분 걸려 음,3.64,2,466.4,9.09,11,12,89.9,1
289,modelhouse_2m_noheater/2025-12-02_14-58-30_12345567_101_105_wallpad_1571034813_집에서_회사까지_몇_분_걸려.mp3,집에서 회사까지 몇분 걸려?,집에서 회사까지 몇 분 걸 요,4.0,2,466.6,9.09,11,11,89.2,1
306,modelhouse_2m_noheater/2025-12-02_15-04-05_12345567_101_105_wallpad_1571369813_집에서_회사까지_몇_분_걸려.mp3,집에서 회사까지 몇분 걸려?,집에서 회사까지 몇 분 걸려 음,3.58,2,465.8,9.09,11,12,89.9,1
340,modelhouse_3m/2025-12-02_14-00-34_12345567_101_105_wallpad_1801066320_즐겨서_회사까지_몇_분_걸려.mp3,집에서 회사까지 몇분 걸려?,집에서 회사까지 몇 분 걸려 둘,3.64,2,468.1,9.09,11,12,88.5,1
357,modelhouse_3m/2025-12-02_14-18-49_12345567_101_105_wallpad_1802161320_집에서_회사까지_몇_분_걸려.mp3,집에서 회사까지 몇분 걸려?,집에서 회사까지 몇 분 걸려 음,3.42,2,466.3,9.09,11,12,89.9,1
3,7F_HJY/2025-11-19_09-08-33_12345555_101_101_wallpad_426838813_관리사호소_번호_알려줘.wav,관리사무소 번호 알려줘,관리사무소 번호 알려 줘 음,3.17,2,466.4,10.0,10,11,90.6,1
4,7F_HJY/2025-11-19_09-08-42_12345555_101_101_wallpad_426846813_관리소_전화번호_알려줘.wav,관리소 전화번호 알려줘,관리소 전화번호 알려 줘 음,3.13,2,467.0,10.0,10,11,91.4,1
5,7F_HJY/2025-11-19_09-08-50_12345555_101_101_wallpad_426854813_관리수_전화번호_말해줘.wav,관리소 전화번호 말해줘,관리소 전화번호 말해 줘  오,3.2,2,466.4,10.0,10,11,89.2,1
15,7F_HJY/2025-11-19_09-10-10_12345555_101_101_wallpad_426934813_지난번_공지사항_뭐였지.wav,지난번 공지사항 뭐였지?,지난번 공지사항 뭐였지 음,3.48,2,466.8,10.0,10,11,92.1,1
17,7F_HJY/2025-11-19_09-10-28_12345555_101_101_wallpad_426952813_지난주_공지사항_말해줘.wav,지난주 공지사항 말해줘,지난주 공지사항 말해 줘 음,3.26,2,467.3,10.0,10,11,90.6,1
22,7F_HJY/2025-11-19_09-12-10_12345555_101_101_wallpad_427054813_오월_오일_공지가_뭐였지.wav,오월 오일 공지가 뭐였지?,오 월 오 일 공지가 뭐였지 음,3.32,2,467.0,10.0,10,11,91.4,1
25,7F_HJY/2025-11-19_09-12-34_12345555_101_101_wallpad_427078813_세대별_수속_날짜_알려줘.wav,세대별 소독 날짜 알려줘,세대별 소독 날짜 알려 줘 음,3.39,2,466.4,10.0,10,11,89.2,1
47,7F_HJY/2025-11-19_09-17-50_12345555_101_101_wallpad_427395813_장태창까지_얼마나_걸려.wav,장태산까지 얼마나 걸려?,장퇴산까지 얼마나 걸려,3.0,1,233.0,10.0,10,10,85.5,1
54,7F_HJY/2025-11-19_09-18-49_12345555_101_101_wallpad_427454813_가스밸브_현재_열려_있어.wav,가스밸브 현재 열려있어?,가스 밸브 현재 열려 있어  음,3.32,2,466.4,10.0,10,11,87.1,1
99,7F_HJY/2025-11-19_09-24-59_12345555_101_101_wallpad_427824813_하면_조금_더_어둡게_해줘.wav,화면 조금 더 어둡게 해줘,화면 조금 더 어둡게 해 줘 오,3.16,2,467.3,10.0,10,11,89.9,1
105,7F_HJY/2025-11-19_09-25-53_12345555_101_101_wallpad_427877813_알람_십분_뒤에_다시_켜줘.wav,알람 십분 뒤에 다시 켜줘,알람 십 분 뒤에 다시 켜 줘  음,3.26,2,466.7,10.0,10,11,87.1,1
110,7F_KSK/12345555_101_101_wallpad_346062813_2025-11-18_10:42:18_관리사무소_번호가_뭐지?.wav,관리사무소 번호가 뭐지?,관리사무소 번호가 뭐지 보,1.54,1,233.4,10.0,10,11,85.5,1
112,7F_KSK/12345555_101_101_wallpad_346078813_2025-11-18_10:42:33_관리소_전화번호_알려줘.wav,관리소 전화번호 알려줘,관리소 전화번호 알려줘 따,2.06,1,234.0,10.0,10,11,84.2,1
133,7F_KSK/12345555_101_101_wallpad_346253813_2025-11-18_10:45:28_세대별_소독날짜_알려줘.wav,세대별 소독 날짜 알려줘,세대별 소독 날짜 알려 줘대,2.38,1,233.6,10.0,10,11,81.6,1
155,7F_KSK/12345555_101_101_wallpad_346447813_2025-11-18_10:48:42_창태서까지_얼마나_걸려.wav,장태산까지 얼마나 걸려?,장태사까지 얼마나 걸려,2.41,1,233.2,10.0,10,10,85.5,1
257,modelhouse_2m/2025-12-02_14-50-07_12345567_101_105_wallpad_1570531813_가스밸브_현재_열려_있어.mp3,가스밸브 현재 열려있어?,가스 밸브 현재 열려 있어  음,3.3,2,466.4,10.0,10,11,88.5,1
274,modelhouse_2m_noheater/2025-12-02_14-55-19_12345567_101_105_wallpad_1570843813_가스밸브_현태_열려있어.mp3,가스밸브 현재 열려있어?,스 밸브 현재 열려 있어,2.62,1,232.7,10.0,10,9,81.6,1
308,modelhouse_2m_noheater/2025-12-02_15-04-26_12345567_101_105_wallpad_1571390813_가스밸브_현재_열려_있어.mp3,가스밸브 현재 열려있어?,가스 밸브 현재 열려 있어 음,3.39,2,467.0,10.0,10,11,89.2,1
342,modelhouse_3m/2025-12-02_14-04-16_12345567_101_105_wallpad_1801288320_가스밸브_현재_열려_있어.mp3,가스밸브 현재 열려있어?,가스 밸브 현재 열려 있어 둘,3.58,2,466.6,10.0,10,11,87.1,1
359,modelhouse_3m/2025-12-02_14-22-43_12345567_101_105_wallpad_1802395320_가스밸브_현재_열려_있어.mp3,가스밸브 현재 열려있어?,가스 밸브 현재 열려 있어 네,3.32,2,466.1,10.0,10,11,89.2,1
26,7F_HJY/2025-11-19_09-12-42_12345555_101_101_wallpad_427086813_오늘_경제뉴스_알려줘.wav,오늘 경제뉴스 알려줘,오늘 경제 뉴스 알려 줘 음,3.26,2,467.1,11.11,9,10,90.6,1
31,7F_HJY/2025-11-19_09-13-22_12345555_101_101_wallpad_427127813_어제_손흥민_골_넣었어.wav,어제 손흥민 골 넣었어?,어제 손흥민 골 넣었어 음,3.26,2,466.3,11.11,9,10,88.5,1
52,7F_HJY/2025-11-19_09-18-33_12345555_101_101_wallpad_427438813_근처에서_싼_곳은_없어.wav,근처에 더 싼 곳은 없어?,근처에 더 싼 곳은 없어 음,3.19,2,467.4,11.11,9,10,89.2,1
88,7F_HJY/2025-11-19_09-23-35_12345555_101_101_wallpad_427739813_소리가_너무_커_줄여줘.wav,소리가 너무커 줄여줘,소리가 너무 커 줄여,3.9,2,466.3,11.11,9,8,91.4,1
92,7F_HJY/2025-11-19_09-24-05_12345555_101_101_wallpad_427770813_소리_조금만_작게_해줘.wav,소리 조금만 작게해줘,소리 조금만 작게 해 줘 음,3.04,2,466.6,11.11,9,10,91.4,1
127,7F_KSK/12345555_101_101_wallpad_346185813_2025-11-18_10:44:20_구월_일일공주_있었어.wav,구월 일일 공지 있었어?,구 월 일 일 공지 있었어 어,2.26,1,233.1,11.11,9,10,85.5,1
160,7F_KSK/12345555_101_101_wallpad_346510813_2025-11-18_10:49:45_근처에_더_싼_곳은_없어.wav,근처에 더 싼 곳은 없어?,근처에 더 싼 곳은 없어따,2.4,1,233.0,11.11,9,10,80.3,1
175,7F_KSK/12345555_101_101_wallpad_346621813_2025-11-18_10:51:36_엘리베이터_호출해줘.wav,엘리베이터 호출해줘,엘리베이터 호출해 줘  내,1.42,1,233.8,11.11,9,10,78.9,1
234,modelhouse_2m/2025-12-02_14-44-51_12345567_101_105_wallpad_1570215813_지난_공지사항_알려줘.mp3,지난 공지사항 알려줘,지난 공기사항 알려 줘,3.13,2,466.2,11.11,9,9,92.1,1
235,modelhouse_2m/2025-12-02_14-45-00_12345567_101_105_wallpad_1570224813_칠월_오일_공지_알려줘.mp3,칠월오일 공지 알려줘,칠 월 오 일  공지 알려 줘 둘,3.36,2,466.0,11.11,9,10,86.3,1
237,modelhouse_2m/2025-12-02_14-45-17_12345567_101_105_wallpad_1570241813_오늘_경제_뉴스_알려줘.mp3,오늘 경제뉴스 알려줘,오늘 경제 뉴스 알려 줘 우,3.29,2,466.7,11.11,9,10,89.2,1
246,modelhouse_2m/2025-12-02_14-47-03_12345567_101_105_wallpad_1570347813_소리가_너무_커_줄여줘.mp3,소리가 너무 커 줄여줘,소리가 너무 커 줄여 줘 둘,3.42,2,466.7,11.11,9,10,89.2,1
251,modelhouse_2m/2025-12-02_14-49-12_12345567_101_105_wallpad_1570476813_지난_공지사항_알려줘.mp3,지난 공지사항 알려줘,지난 공지사항 알려 줘 음,3.26,2,466.3,11.11,9,10,92.1,1
254,modelhouse_2m/2025-12-02_14-49-37_12345567_101_105_wallpad_1570501813_오늘_경제_뉴스_알려줘.mp3,오늘 경제뉴스 알려줘,오늘 경제 뉴스 알려 줘 음,3.39,2,466.5,11.11,9,10,90.6,1
263,modelhouse_2m/2025-12-02_14-50-57_12345567_101_105_wallpad_1570581813_소리가_너무_커_들려줘.mp3,소리가 너무 커 줄여줘,소리가 너무 커 줄여줘 으,3.22,2,467.9,11.11,9,10,89.9,1
280,modelhouse_2m_noheater/2025-12-02_14-56-09_12345567_101_105_wallpad_1570893813_소리가_너무_커_줄여줘.mp3,소리가 너무 커 줄여줘,소리가 너무 커 줄여 줘 우,3.19,2,467.0,11.11,9,10,89.2,1
285,modelhouse_2m_noheater/2025-12-02_14-57-53_12345567_101_105_wallpad_1570997813_지난주_공지사항_알려줘.mp3,지난 공지사항 알려줘,지난 공지 사항 알려 줘 에,3.14,2,466.3,11.11,9,10,90.6,1
288,modelhouse_2m_noheater/2025-12-02_14-58-21_12345567_101_105_wallpad_1571025813_오늘_경제_뉴스_알려줘.mp3,오늘 경제뉴스 알려줘,오늘 경제 뉴스 알려 줘 으,3.42,2,467.6,11.11,9,10,89.9,1
297,modelhouse_2m_noheater/2025-12-02_14-59-49_12345567_101_105_wallpad_1571113813_소리가_너무_커_줄여줘.mp3,소리가 너무 커 줄여줘,소리가 너무 커 줄여 줘  오,3.26,2,467.3,11.11,9,10,89.2,1
305,modelhouse_2m_noheater/2025-12-02_15-03-56_12345567_101_105_wallpad_1571360813_오늘_경제_뉴스_알려줘.mp3,오늘 경제뉴스 알려줘,오늘 경제 뉴스 알려 줘 음,3.39,2,467.7,11.11,9,10,90.6,1
314,modelhouse_2m_noheater/2025-12-02_15-05-19_12345567_101_105_wallpad_1571443813_소리가_너무_커_줄여줘.mp3,소리가 너무 커 줄여줘,소리가 너무 커 줄여 줘 음,3.26,2,466.2,11.11,9,10,89.9,1
331,modelhouse_3m/2025-12-02_13-43-21_12345567_101_105_wallpad_1800033320_소리가_너무_슬퍼_줄여지.mp3,소리가 너무 커 줄여줘,소리가 너무 커 줄어줘,2.87,1,233.2,11.11,9,9,84.2,1
339,modelhouse_3m/2025-12-02_13-59-18_12345567_101_105_wallpad_1800990320_오늘_경제_뉴스_알려줘.mp3,오늘 경제뉴스 알려줘,오늘 경제 뉴스 알려 줘 둘,3.42,2,466.5,11.11,9,10,89.2,1
353,modelhouse_3m/2025-12-02_14-14-47_12345567_101_105_wallpad_1801919320_진도_공지사_알려줘.mp3,지난 공지사항 알려줘,지난 공지사항 알려 줘 음,3.19,2,466.8,11.11,9,10,91.4,1
356,modelhouse_3m/2025-12-02_14-17-14_12345567_101_105_wallpad_1802066320_오늘_경제_뉴스_알려줘.mp3,오늘 경제뉴스 알려줘,오늘 경제 뉴스 알려 줘 음,3.14,2,466.2,11.11,9,10,91.4,1
365,modelhouse_3m/2025-12-02_14-29-38_12345567_101_105_wallpad_1802810320_소리가_너무_서_출여렴.mp3,소리가 너무 커 줄여줘,소리가 너무 커 줄여줘 음,3.23,2,466.7,11.11,9,10,91.4,1
57,7F_HJY/2025-11-19_09-19-12_12345555_101_101_wallpad_427477813_가스밸브_열려_있어.wav,가스밸브 열려있어?,가스 밸브 열려 있어 음,3.04,2,466.0,12.5,8,9,90.6,1
106,7F_HJY/2025-11-19_09-26-10_12345555_101_101_wallpad_427894813_알람_오_분_후에_켜줘.wav,알람 오분 후에 켜줘,알람 오 분 후에 켜 줘 음,3.07,2,467.1,12.5,8,9,89.2,1
165,7F_KSK/12345555_101_101_wallpad_346546813_2025-11-18_10:50:22_가스밸브_열려_있어.wav,가스밸브 열려있어?,가스 밸브 열려 있어  세,2.24,1,233.0,12.5,8,9,81.6,1
190,7F_KSK/12345555_101_101_wallpad_346722813_2025-11-18_10:53:17_이십오년_십이월_전기세는_얼마_나왔어.wav,이십오년 십이월 전기세는 얼마 나왔어?,이십 오 년 십 이 월 정기세는 얼마 마 나왔어,3.19,2,466.3,12.5,16,17,84.2,2
227,modelhouse_2m/2025-12-02_14-39-31_12345567_101_105_wallpad_1803403320_살려줘_모아줘_기상.mp3,살려줘 도와줘 비상,살려줘 도와줘 기상,2.98,1,233.2,12.5,8,8,86.8,1
244,modelhouse_2m/2025-12-02_14-46-45_12345567_101_105_wallpad_1570329813_살려줘_도와줘_비상.mp3,살려줘 도와줘 비상,살려줘 도와줘 비상 에,3.58,2,466.9,12.5,8,9,91.4,1
261,modelhouse_2m/2025-12-02_14-50-40_12345567_101_105_wallpad_1570565813_살려줘_도와줘_비상.mp3,살려줘 도와줘 비상,살려줘 도와줘 비상 음,3.64,2,466.3,12.5,8,9,92.1,1
295,modelhouse_2m_noheater/2025-12-02_14-59-30_12345567_101_105_wallpad_1571094813_살려줘_도와줘_비상.mp3,살려줘 도와줘 비상,살려줘 도와줘 비상 에,3.38,2,467.2,12.5,8,9,90.6,1
312,modelhouse_2m_noheater/2025-12-02_15-05-01_12345567_101_105_wallpad_1571425813_살려줘_도와줘_비상.mp3,살려줘 도와줘 비상,살려줘 도와줘 비상 음,3.61,2,467.0,12.5,8,9,92.1,1
346,modelhouse_3m/2025-12-02_14-06-46_12345567_101_105_wallpad_1801438320_살려주고_구워서_기상.mp3,살려줘 도와줘 비상,살려줘 도와줘 비상  네,3.38,2,467.1,12.5,8,9,91.4,1
46,7F_HJY/2025-11-19_09-17-42_12345555_101_101_wallpad_427386813_대전_역화_많야하는데_얼마나_걸리지.wav,대전 벽화마을 가는데 얼마나 걸리지?,대전 백화마을 가는데 얼마나 걸리지 음,3.61,2,466.5,13.33,15,16,86.3,2
63,7F_HJY/2025-11-19_09-20-01_12345555_101_101_wallpad_427525813_나_지금_외출해_엘리베이터_불러줘.wav,"나 지금 외출해, 엘리베이터 불러줘",나 지금 외출해 엘리베이터 불러  음,3.84,2,466.9,13.33,15,14,85.6,2
192,7F_KSK/12345555_101_101_wallpad_346740813_2025-11-18_10:53:35_이십삼년_십일월_가스_상용량_알려줘.wav,이십삼년 십일월 가스 사용량 알려줘,이십 삼 년 십 일 월 가스 사용량 알려줄게,2.53,1,233.2,13.33,15,16,75.0,2
225,modelhouse_2m/2025-12-02_14-39-16_12345567_101_105_wallpad_1803388320_나_지금_외출해_엘리베이터_불러줘.mp3,"나 지금 외출해, 엘리베이터 불러줘",나 지금 외출해 엘리베이터 불러줘 에,3.8,2,467.0,13.33,15,15,85.6,2
283,modelhouse_2m_noheater/2025-12-02_14-57-37_12345567_101_105_wallpad_1570981813_관리사무소_전화번호가_어떻게_되지.mp3,관리사무소 전화번호가 어떻게 되지?,관리사무소문화번호가 어떻게 되지 에,3.58,2,468.1,13.33,15,16,88.5,2
317,modelhouse_3m/2025-12-02_13-27-08_12345567_101_105_wallpad_1799059320_간이_사호소_저자_선수가_어떻게_되지.mp3,관리사무소 전화번호가 어떻게 되지?,자리사무서 전화번호가 어떻게 되지,3.87,2,467.5,13.33,15,15,89.9,2
327,modelhouse_3m/2025-12-02_13-38-02_12345567_101_105_wallpad_1799714320_나_지금_외출해_엘리베이터_불러줘.mp3,"나 지금 외출해, 엘리베이터 불러줘",나 지금 외출해 엘리베이터 불러응,3.87,2,466.2,13.33,15,14,87.1,2
334,modelhouse_3m/2025-12-02_13-54-08_12345567_101_105_wallpad_1800680320_거래상소_전화번호가_어떻게_되지.mp3,관리사무소 전화번호가 어떻게 되지?,관리사무소 번화번호가 어떻게 되지  오,3.58,2,467.2,13.33,15,16,89.2,2
361,modelhouse_3m/2025-12-02_14-25-08_12345567_101_105_wallpad_1802540320_나_지금_외출에_엘리베이터_불러줘.mp3,"나 지금 외출해, 엘리베이터 불러줘",나 지금 외출해 엘리베이터 불러  네,3.87,2,466.8,13.33,15,14,85.6,2
23,7F_HJY/2025-11-19_09-12-18_12345555_101_101_wallpad_427062813_세계소독_알려줘.wav,세대소독 알려줘,최대소독 알려 줘,2.88,1,233.2,14.29,7,7,88.2,1
56,7F_HJY/2025-11-19_09-19-04_12345555_101_101_wallpad_427469813_가스밸브_잠갔나.wav,가스밸브 잠궜나?,가스 밸브 잠갔나,2.91,1,234.1,14.29,7,7,85.5,1
60,7F_HJY/2025-11-19_09-19-35_12345555_101_101_wallpad_427500813_가스밸브_잠가줘.wav,가스밸브 잠궈줘,가스 밸브 잠가 줘,2.97,1,233.2,14.29,7,7,82.9,1
66,7F_HJY/2025-11-19_09-20-29_12345555_101_101_wallpad_427553813_엘들_빨리_불러줘.wav,엘베 빨리 불러줘,엘배 빨리 불러 줘,2.94,1,234.2,14.29,7,7,82.9,1
144,7F_KSK/12345555_101_101_wallpad_346347813_2025-11-18_10:47:02_여기서_미팅_장소까지_얼마나_걸려.wav,여기서 미팅장소까지 얼마나 걸려?,여기서 미팅 장소까지 얼마나 걸려 맞죠,2.33,1,233.2,14.29,14,16,77.6,2
167,7F_KSK/12345555_101_101_wallpad_346559813_2025-11-18_10:50:35_가스밸브_닫아줘.wav,가스밸브 닫아줘,가스 밸브 닫아 줘 따,1.65,1,233.6,14.29,7,8,80.3,1
202,7F_KSK/12345555_101_101_wallpad_346813813_2025-11-18_10:54:49_한_단계_더_낮춰줘.wav,한단계 더 낮춰줘,한 단계 더 낮춰 줘가,1.37,1,233.7,14.29,7,8,82.9,1
204,7F_KSK/12345555_101_101_wallpad_346827813_2025-11-18_10:55:03_화면이_너무_밝아.wav,화면이 너무 밝아,화면이 너무 밝아아,1.25,1,233.9,14.29,7,8,85.5,1
206,7F_KSK/12345555_101_101_wallpad_346840813_2025-11-18_10:55:16_화면_더_밝게_해줘.wav,화면 더 밝게 해줘,화면 더 밝게 해줘 어,2.02,1,233.8,14.29,7,8,84.2,1
236,modelhouse_2m/2025-12-02_14-45-08_12345567_101_105_wallpad_1570232813_최대_소독_알려줘.mp3,세대소독 알려줘,세계 소독 알려 줘,2.88,1,233.1,14.29,7,7,88.2,1
247,modelhouse_2m/2025-12-02_14-47-12_12345567_101_105_wallpad_1570356813_화면이_너무_밝아.mp3,화면이 너무 밝아,화면이 너무 밝아 둘,3.17,2,467.1,14.29,7,8,92.1,1
264,modelhouse_2m/2025-12-02_14-51-06_12345567_101_105_wallpad_1570590813_화면이_너무_밝아.mp3,화면이 너무 밝아,화면이 너무 작아,2.85,1,233.9,14.29,7,7,86.8,1
281,modelhouse_2m_noheater/2025-12-02_14-56-17_12345567_101_105_wallpad_1570901813_화면이_너무_밝아.mp3,화면이 너무 밝아,화면이 너무 밝아응,2.62,1,233.6,14.29,7,8,85.5,1
338,modelhouse_3m/2025-12-02_13-58-53_12345567_101_105_wallpad_1800965320_최외_소속_알려줘.mp3,세대소독 알려줘,세계 소독 알려 줘,2.85,1,233.9,14.29,7,7,88.2,1
355,modelhouse_3m/2025-12-02_14-16-32_12345567_101_105_wallpad_1802023320_최대_도속_알려줘.mp3,세대소독 알려줘,세대소업 알려줘,2.91,1,233.0,14.29,7,7,90.8,1
366,modelhouse_3m/2025-12-02_14-31-04_12345567_101_105_wallpad_1802896320_화면이_너무_밝다.mp3,화면이 너무 밝아,화면이 너무 잘아,2.85,1,233.2,14.29,7,7,89.5,1
256,modelhouse_2m/2025-12-02_14-49-57_12345567_101_105_wallpad_1570521813_근처_우리_동네_주유소_휘발유_평균_가격이었때.mp3,근처 우리동네 주유소 휘발유 평균 가격이 어때?,근처 우리 동네 주유소 휘 발 평균 가격이 안돼,5.25,2,466.1,15.79,19,18,83.5,3
90,7F_HJY/2025-11-19_09-23-50_12345555_101_101_wallpad_427755813_소리_좀_키워줘.wav,소리 좀 키워줘,소리장 키워 줘,2.68,1,233.9,16.67,6,6,86.8,1
158,7F_KSK/12345555_101_101_wallpad_346494813_2025-11-18_10:49:30_근처에_가장_싼_주유소_알려줘.wav,근처에 가장 싼 주유소 알려줘,근처에 가장 싼 주유소 알려줘 가까,2.15,1,233.4,16.67,12,14,77.6,2
182,7F_KSK/12345555_101_101_wallpad_346666813_2025-11-18_10:52:21_일일구_불러줘.wav,일일구 불러줘,일 일 구 불러줘 오,2.02,1,232.9,16.67,6,7,90.8,1
245,modelhouse_2m/2025-12-02_14-46-54_12345567_101_105_wallpad_1570338813_이번_달에_관리비_얼마나_썼어.mp3,이번달에 관리비 얼마나 썼니?,이번 달에 관리비 얼마나 썼어 음,3.93,2,467.1,16.67,12,13,87.1,2
279,modelhouse_2m_noheater/2025-12-02_14-56-00_12345567_101_105_wallpad_1570884813_이번_달에_발립비_얼마나_썼니.mp3,이번달에 관리비 얼마나 썼니?,이번 달에 관리비 얼마나 었니 으,3.8,2,466.8,16.67,12,13,85.6,2
108,7F_KSK/12345555_101_101_wallpad_346046813_2025-11-18_10:42:02_관리사무소_전화번호_뭐야.wav,관리사무소 전화번호 뭐야?,관리사무소 전화번호 뭐야따요,1.94,1,233.4,18.18,11,13,81.6,2
148,7F_KSK/12345555_101_101_wallpad_346379813_2025-11-18_10:47:34_집까지_가장_빠른_길_알려줘.wav,집까지 가장 빠른길 알려줘,집까지 가장 빠른 길 알려줘 빨려,1.98,1,233.1,18.18,11,13,78.9,2
159,7F_KSK/12345555_101_101_wallpad_346502813_2025-11-18_10:49:38_집_근처_휘발유_가격_알려줘.wav,집 근처 휘발유 가격 알려줘,집 근처 휘발유 가격 알려줘 빨세,2.08,1,233.0,18.18,11,13,76.3,2
169,7F_KSK/12345555_101_101_wallpad_346573813_2025-11-18_10:50:49_가스밸브_오분_후에_닫아줘.wav,가스밸브 오분 후에 닫아줘,가스 밸브 오 분 후에 닫아 줘버세,1.97,1,233.9,18.18,11,13,72.4,2
173,7F_KSK/12345555_101_101_wallpad_346605813_2025-11-18_10:51:20_지금_엘리베이터_몇_층이야.wav,지금 엘리베이터 몇층이야?,지금 엘리베이터 몇 층이야 교래,2.31,1,232.9,18.18,11,13,73.7,2
323,modelhouse_3m/2025-12-02_13-32-53_12345567_101_105_wallpad_1799405320_집에서_회사까지_몇_분_걸려.mp3,집에서 회사까지 몇분 걸려?,집에서 회사까지 몇호 걸려 우,3.49,2,467.8,18.18,11,12,89.2,2
44,7F_HJY/2025-11-19_09-17-25_12345555_101_101_wallpad_427370813_대주년_카페거리까지_가장_빠_길_알려줘.wav,대전 카페거리까지 가장 빠른길 알려줘,대전 카페거리까지 가장 빠르게 알려,3.84,2,467.1,18.75,16,15,87.8,3
82,7F_HJY/2025-11-19_09-22-43_12345555_101_101_wallpad_427687813_이집_오면_십이월_경기세터_얼마나_나았어.wav,이십오년 십이월 전기세는 얼마 나왔어?,이십 오년 십이월 정기세드 얼마 나 어,4.0,2,466.6,18.75,16,15,87.1,3
2,7F_HJY/2025-11-19_09-08-25_12345555_101_101_wallpad_426830813_더이상무사_번호가_뭐지.wav,관리사무소 번호가 뭐지?,어리사무소 번호가 뭐지  오,3.1,2,467.0,20.0,10,11,91.4,2
9,7F_HJY/2025-11-19_09-09-22_12345555_101_101_wallpad_426887813_뭐지_알려줘.wav,뭐지? 알려줘,뭐지 알려줘 으,3.3,2,467.5,20.0,5,6,95.0,1
11,7F_HJY/2025-11-19_09-09-38_12345555_101_101_wallpad_426902813_아니_괜찮아.wav,아니 괜찮아,아니 괜찮아응,2.56,1,232.9,20.0,5,6,90.8,1
16,7F_HJY/2025-11-19_09-10-19_12345555_101_101_wallpad_426943813_이번_주_공지사항_있었어.wav,이번주 공지사항 있었어?,이번 주 공기 사항 있었어 음,3.36,2,467.0,20.0,10,11,92.8,2
24,7F_HJY/2025-11-19_09-12-26_12345555_101_101_wallpad_427070813_이번_주_소속_많들_기었나.wav,이번주 소독 안내 있었나?,이번 주 소독 안 돼 있었나  오,3.26,2,467.1,20.0,10,11,91.4,2
64,7F_HJY/2025-11-19_09-20-09_12345555_101_101_wallpad_427534813_나_지금_나갈게_엘리베이터_불러줘.wav,"나 지금 나갈게, 엘리베이터 불러줘",나 지금 나갈게 엘리베이터 불러죠 음,4.06,2,466.7,20.0,15,15,87.8,3
117,7F_KSK/12345555_101_101_wallpad_346112813_2025-11-18_10:43:08_뭐지_알려줘.wav,뭐지? 알려줘,뭐지 알려줘 어,1.16,1,234.0,20.0,5,6,92.1,1
124,7F_KSK/12345555_101_101_wallpad_346161813_2025-11-18_10:43:57_이번_주_공지사항_있었어.wav,이번주 공지사항 있었어?,이번 주 공지사항 있었어 한줘,1.9,1,233.1,20.0,10,12,85.5,2
132,7F_KSK/12345555_101_101_wallpad_346225813_2025-11-18_10:45:00_이번_주_소독_안내_있었나.wav,이번주 소독 안내 있었나?,이번 주 소독 안내 있었나따줘,1.89,1,233.8,20.0,10,12,85.5,2
181,7F_KSK/12345555_101_101_wallpad_346659813_2025-11-18_10:52:15_빨리_도와줘.wav,빨리 도와줘,빨리 도와줘 새,0.98,1,233.2,20.0,5,6,85.5,1
201,7F_KSK/12345555_101_101_wallpad_346806813_2025-11-18_10:54:42_응_안이_두_단계_낮춰줘.wav,"응, 아니 두단계 낮춰줘",응 아니 두 단계 낮춰 줘얼,1.86,1,232.9,20.0,10,10,78.9,2
242,modelhouse_2m/2025-12-02_14-46-28_12345567_101_105_wallpad_1570312813_나_지금_외출해_엘리베이터_불러줘.mp3,"나 지금 외출해, 엘리베이터 불러줘",나 지금 외출에 엘리베이터 불러 네,3.9,2,466.2,20.0,15,14,87.8,3
276,modelhouse_2m_noheater/2025-12-02_14-55-37_12345567_101_105_wallpad_1570860813_나_지금_외출해_엘리베이터_불러줘.mp3,"나 지금 외출해, 엘리베이터 불러줘",나 지금 외출해 엘리베이터 불 불러줘 으,4.12,2,466.8,20.0,15,16,84.9,3
310,modelhouse_2m_noheater/2025-12-02_15-04-43_12345567_101_105_wallpad_1571407813_나_지금_외출해_엘리베이터_불러줘.mp3,"나 지금 외출해, 엘리베이터 불러줘",나 지금 외출해 엘리베이터 불 죠,4.06,2,466.0,20.0,15,13,87.1,3
367,modelhouse_3m/2025-12-02_14-32-19_12345567_101_105_wallpad_1802971320_알림음_켜줘.mp3,알림음 켜줘,알람음 켜 줘,2.78,1,233.2,20.0,5,5,88.2,1
341,modelhouse_3m/2025-12-02_14-03-29_12345567_101_105_wallpad_1801241320_근처_우리_동네_주거_필요료_평금_가격이_어때.mp3,근처 우리동네 주유소 휘발유 평균 가격이 어때?,근처 우리 동네 주유소 일 호  중 평균 가격이 어때 에,5.88,3,700.9,21.05,19,20,87.1,4
143,7F_KSK/12345555_101_101_wallpad_346338813_2025-11-18_10:46:54_오후_열시에_출발하면_얼마나_걸려.wav,오후 열시에 출발하면 얼마나 걸려?,오후 열 시에 출발하면 얼마나 걸려얼나요,2.33,1,233.5,21.43,14,17,72.4,3
14,7F_HJY/2025-11-19_09-10-01_12345555_101_101_wallpad_426926813_지나_공지사항_알려줘.wav,지난 공지사항 알려줘,지단 공지사항 알려 줘  음,3.13,2,466.8,22.22,9,10,90.6,2
18,7F_HJY/2025-11-19_09-10-37_12345555_101_101_wallpad_426961813_칠월_오일_공지_알려줘.wav,칠월 오일 공지 알려줘,칠월로 오일 공지 알려 줘 음,3.26,2,465.7,22.22,9,11,91.4,2
19,7F_HJY/2025-11-19_09-10-44_12345555_101_101_wallpad_426968813_구월_일에_공지_있었어.wav,구월 일일 공지 있었어?,구 월 일 일에 공지 있었어  오,3.19,2,466.6,22.22,9,11,91.4,2
21,7F_HJY/2025-11-19_09-12-01_12345555_101_101_wallpad_427046813_이월_일일_공지_알려줘.wav,이월 일일 공지 알려줘,이월 일 일 된지 알려 줘 음,3.2,2,467.4,22.22,9,10,89.9,2
67,7F_HJY/2025-11-19_09-20-38_12345555_101_101_wallpad_427562813_엘리베이터_호출해줘.wav,엘리베이터 호출해줘,엘레베이터 호출해 줘 음,3.1,2,467.5,22.22,9,10,89.9,2
122,7F_KSK/12345555_101_101_wallpad_346146813_2025-11-18_10:43:41_지난_공지사항_알려줘.wav,지난 공지사항 알려줘,지난 공지사항 알려줘빨려,1.75,1,234.0,22.22,9,11,85.5,2
126,7F_KSK/12345555_101_101_wallpad_346177813_2025-11-18_10:44:13_칠월_오일_공지_알려줘.wav,칠월 오일 공지 알려줘,칠 월 오 일 공지 알려줬고,1.93,1,233.9,22.22,9,10,81.6,2
129,7F_KSK/12345555_101_101_wallpad_346201813_2025-11-18_10:44:37_이월_일일_공지_알려줘.wav,이월 일일 공지 알려줘,이 월 일 일 공제 알려줘 오,2.32,1,234.0,22.22,9,10,84.2,2
139,7F_KSK/12345555_101_101_wallpad_346304813_2025-11-18_10:46:20_어제_손흥민_골_넣었어.wav,어제 손흥민 골 넣었어?,어제 손흥민 골 넣었어  어 어,1.73,1,233.9,22.22,9,11,75.0,2
141,7F_KSK/12345555_101_101_wallpad_346322813_2025-11-18_10:46:37_양자_섹션_브리핑_해줘.wav,양자 세션 브리핑 해줘,양자 세션 브리핑해 줘  오즈,2.32,1,232.8,22.22,9,11,76.3,2
196,7F_KSK/12345555_101_101_wallpad_346772813_2025-11-18_10:54:08_소리가_너무_커_줄여줘.wav,소리가 너무커 줄여줘,소리가 너무 커 줄여줘  어줘,1.99,1,233.4,22.22,9,11,80.3,2
200,7F_KSK/12345555_101_101_wallpad_346799813_2025-11-18_10:54:34_소리_조금만_작게_해줘.wav,소리 조금만 작게해줘,소리 조금만 작게 해 줘혹돼,1.52,1,232.8,22.22,9,11,82.9,2
218,modelhouse_2m/2025-12-02_14-37-48_12345567_101_105_wallpad_1803300320_칠료오일_구지_알려줘.mp3,칠월오일 공지 알려줘,칠 월 오 일 복지 알려 줘 우,3.1,2,467.3,22.22,9,10,86.3,2
252,modelhouse_2m/2025-12-02_14-49-20_12345567_101_105_wallpad_1570484813_칠월_오일_금지_알려줘.mp3,칠월오일 공지 알려줘,칠월 오 일 금지 알려 줘 음,3.36,2,467.7,22.22,9,10,88.5,2
303,modelhouse_2m_noheater/2025-12-02_15-03-40_12345567_101_105_wallpad_1571344813_칠월_오일_공제_알려줘.mp3,칠월오일 공지 알려줘,칠월 오 일 공제 알려 줘 음,3.35,2,467.0,22.22,9,10,89.9,2
319,modelhouse_3m/2025-12-02_13-29-39_12345567_101_105_wallpad_1799211320_지난_공지사항_알려줘.mp3,지난 공지사항 알려줘,시난 공지 사항 알려 줘 둘,3.2,2,466.6,22.22,9,10,89.9,2
337,modelhouse_3m/2025-12-02_13-57-47_12345567_101_105_wallpad_1800899320_시설_구일_공지_알려줘.mp3,칠월오일 공지 알려줘,칠 월 오 일 본지 알려 줘 둘,3.35,2,467.1,22.22,9,10,85.6,2
41,7F_HJY/2025-11-19_09-16-59_12345555_101_101_wallpad_427344813_대전역까지_가장_빠른_길_알려줘.wav,대전역까지 가장 빠른길 알려줘,대전역까지 가장 빠르게 알려 줘 음,3.42,2,467.3,23.08,13,14,88.5,3
48,7F_HJY/2025-11-19_09-17-59_12345555_101_101_wallpad_427404813_대주에스포_서울에서_가는_길_알려줘.wav,대전 엑스포 아쿠아리움 가는길 알려줘,대전에스포 아쿠하리 가는 길 알려 줘 음,3.68,2,467.0,25.0,16,16,86.3,4
58,7F_HJY/2025-11-19_09-19-20_12345555_101_101_wallpad_427485813_문_닫아줘.wav,응 닫아줘,문 닫아 줘,2.65,1,233.0,25.0,4,4,86.8,1
71,7F_HJY/2025-11-19_09-21-08_12345555_101_101_wallpad_427593813_문_열어.wav,문 열어줘,문 열어,2.52,1,234.0,25.0,4,3,89.5,1
83,7F_HJY/2025-11-19_09-22-52_12345555_101_101_wallpad_427696813_이천십_구년_십일월_경기_세트_얼마였어.wav,이천십구년 십일월 전기세는 얼마였어?,이천십구년 십일월 단기세가 얼았어,4.15,2,466.3,25.0,16,15,85.6,4
104,7F_HJY/2025-11-19_09-25-37_12345555_101_101_wallpad_427861813_당장_꺼줘.wav,알람 꺼줘,알람 꺼 줘 꺼,2.55,1,233.6,25.0,4,5,85.5,1
146,7F_KSK/12345555_101_101_wallpad_346362813_2025-11-18_10:47:18_집까지_가는데_얼마나_걸리지.wav,집까지 가는데 얼마나 걸리지?,집까지 가는데 얼마나 걸리지 여어요,1.92,1,233.3,25.0,12,15,81.6,3
166,7F_KSK/12345555_101_101_wallpad_346553813_2025-11-18_10:50:28_응_닫아줘.wav,응 닫아줘,응 닫아 줘 오,1.66,1,233.8,25.0,4,5,85.5,1
213,7F_KSK/12345555_101_101_wallpad_346943813_2025-11-18_10:56:58_알람_오분_후에_켜줘.wav,알람 오분 후에 켜줘,알람 오 분 후에 켜 줘 얼줘,1.83,1,233.3,25.0,8,10,78.9,2
233,modelhouse_2m/2025-12-02_14-44-43_12345567_101_105_wallpad_1570207813_뭔데_해줘.mp3,뭔데? 해줘.,먼데 해 줘,2.81,1,232.9,25.0,4,4,90.8,1
241,modelhouse_2m/2025-12-02_14-46-18_12345567_101_105_wallpad_1570302813_응_닫아줘.mp3,응 닫아줘,등 닫아 줘,2.69,1,233.1,25.0,4,4,86.8,1
258,modelhouse_2m/2025-12-02_14-50-15_12345567_101_105_wallpad_1570539813_면_닫아줘.mp3,응 닫아줘,문 닫아 줘,2.62,1,233.9,25.0,4,4,88.2,1
301,modelhouse_2m_noheater/2025-12-02_15-03-23_12345567_101_105_wallpad_1571327813_뭔데_해줘.mp3,뭔데? 해줘.,먼데 해 줘,2.88,1,233.0,25.0,4,4,90.8,1
313,modelhouse_2m_noheater/2025-12-02_15-05-09_12345567_101_105_wallpad_1571433813_이번_달에_관립비_얼마나_썼니.mp3,이번달에 관리비 얼마나 썼니?,이번 달에 관리비 얼마나  있었니 음,3.64,2,466.8,25.0,12,14,86.3,3
318,modelhouse_3m/2025-12-02_13-28-28_12345567_101_105_wallpad_1799140320_원날_해줘.mp3,뭔데? 해줘.,왔데 해줘,2.88,1,233.0,25.0,4,4,93.4,1
347,modelhouse_3m/2025-12-02_14-07-38_12345567_101_105_wallpad_1801490320_이번_달_달리이_얼마나_덥니.mp3,이번달에 관리비 얼마나 썼니?,이번 달 걸리비 얼마나 썼니 둘,3.54,2,466.0,25.0,12,12,86.3,3
352,modelhouse_3m/2025-12-02_14-13-45_12345567_101_105_wallpad_1801857320_뭔데_해줘.mp3,뭔데? 해줘.,뭔데 해줘 네,2.75,1,233.9,25.0,4,5,90.8,1
157,7F_KSK/12345555_101_101_wallpad_346485813_2025-11-18_10:49:21_근처_우리_동의_주로_휘발브_평균_가격이_어때.wav,근처 우리동네 주유소 휘발유 평균 가격이 어때?,근처 오리 동네 중유소 휘발 그리고 평균 가격이 어때,4.08,2,466.5,26.32,19,21,82.0,5
171,7F_KSK/12345555_101_101_wallpad_346589813_2025-11-18_10:51:05_나_지금_외출해_엘리베이터_불러줘.wav,"나 지금 외출해, 엘리베이터 불러줘",나 지금 외출해 엘리베이터 불러줘 주해 줘,2.3,1,233.8,26.67,15,17,71.1,4
172,7F_KSK/12345555_101_101_wallpad_346597813_2025-11-18_10:51:13_나_지금_나갈게_엘리베이터_불러줘.wav,"나 지금 나갈게, 엘리베이터 불러줘",나 지금 나갈게 엘리베이터 불 몰라죠,3.11,2,466.2,26.67,15,15,87.1,4
293,modelhouse_2m_noheater/2025-12-02_14-59-13_12345567_101_105_wallpad_1571077813_나_지금_외출해_엘리베이터_불러줘.mp3,"나 지금 외출해, 엘리베이터 불러줘",나 지금 외출해 엘레베이터 불 죠 음,4.06,2,466.8,26.67,15,14,86.3,4
344,modelhouse_3m/2025-12-02_14-05-33_12345567_101_105_wallpad_1801365320_나_지금_외출해_엘리베이터_불러줘.mp3,"나 지금 외출해, 엘리베이터 불러줘",나 지금 외출해 엘리베이터 불 맞어 네,4.19,2,465.9,26.67,15,15,86.3,4
0,7F_HJY/2025-11-19_09-08-06_12345555_101_101_wallpad_426811813_알리사무서_전화번호_뭐야.wav,관리사무소 전화번호 뭐야?,동사무소 전화번호 뭐야 음,3.13,2,469.0,27.27,11,11,92.1,3
53,7F_HJY/2025-11-19_09-18-41_12345555_101_101_wallpad_427446813_고급_피발유_파는_곳_알려줘.wav,고급 휘발유 파는 곳 알려줘,고급 휘발유  하는는 곳 알려 줘 음,3.2,2,468.2,27.27,11,13,85.6,3
128,7F_KSK/12345555_101_101_wallpad_346193813_2025-11-18_10:44:29_일월_이십팔일_공지_알려줘.wav,일월 이십팔일 공지 알려줘,일 월 이십 팔 일 공지 알려줘 내요려,2.14,1,233.1,27.27,11,14,78.9,3
150,7F_KSK/12345555_101_101_wallpad_346395813_2025-11-18_10:47:50_성신당_가는데_얼마나_걸려.wav,성심당 가는데 얼마나 걸려?,성심당 가 는데 얼마나 걸려포나요,1.91,1,233.2,27.27,11,14,81.6,3
161,7F_KSK/12345555_101_101_wallpad_346517813_2025-11-18_10:49:53_고급_비발유파하는_곳_알려줘.wav,고급 휘발유 파는 곳 알려줘,고급 휘발유 파는 곳 알려줘 오늘줘,2.13,1,233.2,27.27,11,14,73.7,3
136,7F_KSK/12345555_101_101_wallpad_346281813_2025-11-18_10:45:56_달러_환율_알려줘.wav,달러 환율 알려줘,달러 환율 알려 줘어요,2.2,1,232.9,28.57,7,9,81.6,2
164,7F_KSK/12345555_101_101_wallpad_346539813_2025-11-18_10:50:15_가스밸브_잠갔나.wav,가스밸브 잠궜나?,가스 밸브 잠갔나 따,2.14,1,233.3,28.57,7,8,82.9,2
184,7F_KSK/12345555_101_101_wallpad_346678813_2025-11-18_10:52:34_긴급상_상황이야.wav,긴급한 상황이야,긴급한 상황이요 어,2.0,1,233.6,28.57,7,8,88.2,2
287,modelhouse_2m_noheater/2025-12-02_14-58-12_12345567_101_105_wallpad_1571016813_최대_소독_알려줘.mp3,세대소독 알려줘,최대소독 알려 줘 에,3.01,2,466.0,28.57,7,8,92.1,2
332,modelhouse_3m/2025-12-02_13-45-03_12345567_101_105_wallpad_1800135320_화면해도_밝아.mp3,화면이 너무 밝아,화면이 너무 밝아어요,2.5,1,233.2,28.57,7,9,85.5,2
349,modelhouse_3m/2025-12-02_14-10-08_12345567_101_105_wallpad_1801640320_화면이_너무_밝아.mp3,화면이 너무 밝아,화면이 너무 밝 익어,3.0,1,233.8,28.57,7,8,85.5,2
37,7F_HJY/2025-11-19_09-14-14_12345555_101_101_wallpad_427179813_돌_다_하는데_얼마나_걸려.wav,본가 가는데 얼마나 걸려?,본사하는데 얼마나 걸려 오,3.2,2,468.2,30.0,10,11,91.4,3
87,7F_HJY/2025-11-19_09-23-26_12345555_101_101_wallpad_427731813_올해_일월_난방비_알려줘.wav,올해 일월 난방비 알려줘,올해 일 요난방 때 알려 줘 음,3.32,2,466.9,30.0,10,11,89.2,3
111,7F_KSK/12345555_101_101_wallpad_346070813_2025-11-18_10:42:25_관리사무소_번호_알려줘.wav,관리사무소 번호 알려줘,관리사무소 번호 알려줘 거나요,1.62,1,233.3,30.0,10,13,84.2,3
123,7F_KSK/12345555_101_101_wallpad_346154813_2025-11-18_10:43:49_지난번_공지사항_뭐였지.wav,지난번 공지사항 뭐였지?,지난번 공지사항 뭐였지언었어,1.97,1,233.0,30.0,10,13,82.9,3
130,7F_KSK/12345555_101_101_wallpad_346209813_2025-11-18_10:44:45_오월_오일_공지가_뭐였지.wav,오월 오일 공지가 뭐였지?,오 월 오 일 공지가 뭐였지월요일,2.11,1,233.4,30.0,10,13,80.3,3
145,7F_KSK/12345555_101_101_wallpad_346354813_2025-11-18_10:47:10_돈관_가는데_얼마나_걸려.wav,본가 가는데 얼마나 걸려?,본가 가 는데 얼마나 걸려서까요,1.8,1,234.0,30.0,10,13,78.9,3
195,7F_KSK/12345555_101_101_wallpad_346764813_2025-11-18_10:54:00_올해_일월_난방비_알려줘.wav,올해 일월 난방비 알려줘,올해 일 월 난방비 알려줘  내나요,1.93,1,232.9,30.0,10,13,75.0,3
7,7F_HJY/2025-11-19_09-09-07_12345555_101_101_wallpad_426871813_알려줘.wav,알려줘,알려줘카,2.3,1,233.3,33.33,3,4,94.7,1
33,7F_HJY/2025-11-19_09-13-39_12345555_101_101_wallpad_427144813_양자_섹트_브리핑_해줘.wav,양자 세션 브리핑 해줘,양자 세 시간 브리핑해 줘  음,3.36,2,466.6,33.33,9,11,87.1,3
62,7F_HJY/2025-11-19_09-19-52_12345555_101_101_wallpad_427516813_가스밸브_한시간_뒤에_닫가줘.wav,가스밸브 한시간 뒤에 닫아줘,마스 밸브 한 시간 뒤에다놔 줘 음,3.51,2,467.0,33.33,12,13,87.1,4
70,7F_HJY/2025-11-19_09-21-01_12345555_101_101_wallpad_427585813_열어줘.wav,열어줘,열어,2.33,1,233.5,33.33,3,2,96.1,1
77,7F_HJY/2025-11-19_09-21-58_12345555_101_101_wallpad_427642813_들려줘.wav,알려줘,데려줘,2.36,1,233.7,33.33,3,3,94.7,1
109,7F_KSK/12345555_101_101_wallpad_346055813_2025-11-18_10:42:10_관리사무소_전화번호_알려줘.wav,관리사무소 전화번호 알려줘,관리사무소 전화번호 알려줘시 알돼요,1.9,1,233.4,33.33,12,16,78.9,4
137,7F_KSK/12345555_101_101_wallpad_346288813_2025-11-18_10:46:04_엠비디아_주가_올랐어.wav,엔비디아 주가 올랐어?,엔비디아 주가 올랐어 어 해 줘,2.08,1,232.9,33.33,9,12,76.3,3
183,7F_KSK/12345555_101_101_wallpad_346672813_2025-11-18_10:52:28_응급상황이야.wav,응급상황이야,응급상황이요 맞,2.05,1,233.3,33.33,6,7,88.2,2
185,7F_KSK/12345555_101_101_wallpad_346684813_2025-11-18_10:52:40_살려줘.wav,살려줘,살려줘 어,2.06,1,233.3,33.33,3,4,94.7,1
220,modelhouse_2m/2025-12-02_14-38-15_12345567_101_105_wallpad_1803327320_오늘_경자_뉴스_알려줘.mp3,오늘 경제뉴스 알려줘,모든 경제 뉴스 알려 줘 둘,3.33,2,467.5,33.33,9,10,89.2,3
259,modelhouse_2m/2025-12-02_14-50-24_12345567_101_105_wallpad_1570548813_나_지금_외출해_엘리베이터_불러줘.mp3,"나 지금 외출해, 엘리베이터 불러줘",나 지금 외출해 엘리베이터 불 그거죠 음,3.99,2,467.0,33.33,15,16,86.3,5
302,modelhouse_2m_noheater/2025-12-02_15-03-32_12345567_101_105_wallpad_1571336813_지난_공지사항_알려줘.mp3,지난 공지사항 알려줘,지난 공지 상황항 알려 줘 음,3.26,2,467.1,33.33,9,11,92.1,3
320,modelhouse_3m/2025-12-02_13-30-13_12345567_101_105_wallpad_1799245320_채월_오에_끝는지_알려줘.mp3,칠월오일 공지 알려줘,칠 월 오 일프인지 알려 줘 에,3.35,2,467.1,33.33,9,11,88.5,3
336,modelhouse_3m/2025-12-02_13-57-03_12345567_101_105_wallpad_1800855320_지난_공지사업_알려줘.mp3,지난 공지사항 알려줘,지난 공지 상황항 알려 줘 둘,3.2,2,467.2,33.33,9,11,89.9,3
348,modelhouse_3m/2025-12-02_14-09-01_12345567_101_105_wallpad_1801572320_소리가_너_닥커_질러줘.mp3,소리가 너무 커 줄여줘,소리가 나도 커 줄여 줘 우,3.26,2,466.7,33.33,9,10,88.5,3
85,7F_HJY/2025-11-19_09-23-10_12345555_101_101_wallpad_427714813_이천십_가면_칠월가스비_알려줘.wav,이천이십사년 칠월 가스비 알려줘,이천십사년 칠 월 까뜰리 알려 줘 음,3.71,2,467.2,35.71,14,14,85.6,5
239,modelhouse_2m/2025-12-02_14-45-53_12345567_101_105_wallpad_1570277813_근처_우리_동네네_주유소_휘활료_평균_가격이_어때.mp3,근처 우리동네 주유소 휘발유 평균 가격이 어때?,근처 우리 동네네 줄여서 휘 추휘발료 평균 가격이 어때,5.41,2,466.1,36.84,19,22,79.1,7
55,7F_HJY/2025-11-19_09-18-57_12345555_101_101_wallpad_427461813_나_가스밸브_잠갔나.wav,나 가스밸브 잠궜나?,나 가스 밸브 잠금다  음,3.1,2,467.8,37.5,8,9,90.6,3
199,7F_KSK/12345555_101_101_wallpad_346792813_2025-11-18_10:54:28_소리_좀_더_크게_해줘.wav,소리 좀 더 크게해줘,소리 좀 더 크게 해줘 크 크지,1.95,1,233.9,37.5,8,11,80.3,3
363,modelhouse_3m/2025-12-02_14-26-35_12345567_101_105_wallpad_1802627320_차려좀_도와줘_기상.mp3,살려줘 도와줘 비상,살짝 좀 도와줘 비상으,3.54,2,466.3,37.5,8,9,92.1,3
6,7F_HJY/2025-11-19_09-09-00_12345555_101_101_wallpad_426864813_뭔데_해줘.wav,"뭔데?, 해줘",뭔데 해줘 음,3.3,2,467.9,40.0,5,5,95.0,2
93,7F_HJY/2025-11-19_09-24-13_12345555_101_101_wallpad_427778813_응_아직_두단계_낮춰줘.wav,"응, 아니 두단계 낮춰줘",응 아예 두 도계 낮춰 줘 음,3.51,2,466.7,40.0,10,10,89.2,4
113,7F_KSK/12345555_101_101_wallpad_346085813_2025-11-18_10:42:41_관리소_전화번호_말해줘.wav,관리소 전화번호 말해줘,관리소 전화번호 말해 줘 어 알어요,1.72,1,233.1,40.0,10,14,81.6,4
114,7F_KSK/12345555_101_101_wallpad_346093813_2025-11-18_10:42:48_뭔데_해줘.wav,"뭔데?, 해줘",뭔데 해줘 내,1.13,1,233.1,40.0,5,5,90.8,2
119,7F_KSK/12345555_101_101_wallpad_346125813_2025-11-18_10:43:21_아니_괜찮아.wav,아니 괜찮아,아니 괜찮아 아까,1.62,1,233.1,40.0,5,7,89.5,2
125,7F_KSK/12345555_101_101_wallpad_346169813_2025-11-18_10:44:04_지난주_공지사항_말해줘.wav,지난주 공지사항 말해줘,지난주 공지사항 말해 좀 보주세,1.9,1,233.2,40.0,10,13,82.9,4
180,7F_KSK/12345555_101_101_wallpad_346653813_2025-11-18_10:52:08_살려줘_도와줘_비상.wav,"살려줘! 도와줘, 비상",살려줘 도와줘 비상 어가,1.66,1,233.2,40.0,10,10,84.2,4
207,7F_KSK/12345555_101_101_wallpad_346847813_2025-11-18_10:55:23_화면_조금_더_어둡게_해줘.wav,화면 조금 더 어둡게 해줘,화면 조금 더 덥게 해줘얼여,1.6,1,233.8,40.0,10,11,82.9,4
211,7F_KSK/12345555_101_101_wallpad_346930813_2025-11-18_10:56:46_알림음_켜줘.wav,알림음 켜줘,알림음 켜 줘 꺼 줘,2.13,1,233.1,40.0,5,7,80.3,2
231,modelhouse_2m/2025-12-02_14-40-17_12345567_101_105_wallpad_1803449320_알림은_꺼줘.mp3,알림음 꺼줘,알리은 꺼 줘,2.56,1,233.1,40.0,5,5,88.2,2
364,modelhouse_3m/2025-12-02_14-27-54_12345567_101_105_wallpad_1802706320_이번_달에_관리비_얼마나_세우니.mp3,이번달에 관리비 얼마나 썼니?,이번 달에 갈 일이 얼마나 적니 음,3.64,2,466.4,41.67,12,13,85.6,5
174,7F_KSK/12345555_101_101_wallpad_346612813_2025-11-18_10:51:28_애들_빨리_불러줘.wav,엘베 빨리 불러줘,애들 빨리 불러 줘 애,1.26,1,233.0,42.86,7,8,82.9,3
219,modelhouse_2m/2025-12-02_14-37-56_12345567_101_105_wallpad_1803308320_최대_성곡_알려어줘.mp3,세대소독 알려줘,최대 순독 알려 줘 세,2.46,1,233.3,42.86,7,8,86.8,3
321,modelhouse_3m/2025-12-02_13-30-53_12345567_101_105_wallpad_1799285320_생계소독_알려줘.mp3,세대소독 알려줘,생계소독 알려줘 별,2.05,1,233.7,42.86,7,8,88.2,3
217,modelhouse_2m/2025-12-02_14-37-34_12345567_101_105_wallpad_1803286320_지난_공지사항_알려줘.mp3,지난 공지사항 알려줘,지난 복지 상황항 알려 줘 으,3.33,2,467.2,44.44,9,11,89.2,4
229,modelhouse_2m/2025-12-02_14-39-57_12345567_101_105_wallpad_1803429320_소리가_너무_커_줄여줘.mp3,소리가 너무 커 줄여줘,소리가 너무 커 주변 좀 둘,3.23,2,466.5,44.44,9,10,90.6,4
40,7F_HJY/2025-11-19_09-16-47_12345555_101_101_wallpad_427331813_집까처_가장_빠른_길_알려줘.wav,집까지 가장 빠른길 알려줘,집값 가장 빠르게  알려줘응,2.71,1,234.0,45.45,11,11,82.9,5
42,7F_HJY/2025-11-19_09-17-08_12345555_101_101_wallpad_427352813_성신당_가려면_얼마나_걸었.wav,성심당 가는데 얼마나 걸려?,송집 나 하는데 얼마나 걸려  음,3.26,2,467.2,45.45,11,12,89.9,5
74,7F_HJY/2025-11-19_09-21-36_12345555_101_101_wallpad_427620813_이기로_불러줘.wav,일일구 불러줘,네데로 불러 줘,2.75,1,233.5,50.0,6,6,90.8,3
120,7F_KSK/12345555_101_101_wallpad_346132813_2025-11-18_10:43:28_안_알려줘도_돼.wav,안 알려줘도 돼,안 알려줘도 돼 그까요,1.18,1,233.6,50.0,6,9,85.5,3
176,7F_KSK/12345555_101_101_wallpad_346627813_2025-11-18_10:51:43_문_열어줘.wav,문 열어줘,문 열어 줘 오 줘,1.4,1,233.0,50.0,4,6,84.2,2
198,7F_KSK/12345555_101_101_wallpad_346785813_2025-11-18_10:54:21_소리_좀_키워줘.wav,소리 좀 키워줘,소리 좀 키워 줘  시 켜 줘,1.89,1,233.4,50.0,6,9,78.9,3
208,7F_KSK/12345555_101_101_wallpad_346910813_2025-11-18_10:56:26_화면_제일_밝게_해줘.wav,화면 제일 밝게 해줘,화면 제일 밝게 해줘  어떻게래,1.67,1,233.5,50.0,8,12,80.3,4
212,7F_KSK/12345555_101_101_wallpad_346936813_2025-11-18_10:56:52_알람_꺼줘.wav,알람 꺼줘,알람 꺼줘 꺼줘,2.05,1,233.2,50.0,4,6,88.2,2
267,modelhouse_2m_noheater/2025-12-02_14-53-50_12345567_101_105_wallpad_1570754813_뭔데_켜줘.mp3,뭔데? 해줘.,먼저 해줘,2.65,1,233.4,50.0,4,4,92.1,2
329,modelhouse_3m/2025-12-02_13-40-29_12345567_101_105_wallpad_1799861320_알려줘_종와조_비상.mp3,살려줘 도와줘 비상,살려죠 좋아교 비상,2.65,1,233.1,50.0,8,8,88.2,4
360,modelhouse_3m/2025-12-02_14-23-26_12345567_101_105_wallpad_1802438320_문_닫아줘.mp3,응 닫아줘,은 잡아 줘,2.78,1,233.2,50.0,4,4,89.5,2
45,7F_HJY/2025-11-19_09-17-33_12345555_101_101_wallpad_427378813_국행_주와_막르가_가른_길_알려줘.wav,국립중앙박물관 가는 길 알려줘,우리행 중앙박물관단계 알려 줘 음,3.39,2,467.1,53.85,13,14,89.9,7
168,7F_KSK/12345555_101_101_wallpad_346566813_2025-11-18_10:50:41_가스밸브_잠가줘.wav,가스밸브 잠궈줘,가스 밸브 잠 거죠따까,1.38,1,233.1,57.14,7,9,82.9,4
72,7F_HJY/2025-11-19_09-21-18_12345555_101_101_wallpad_427602813_해려주로_도와줘_비상.wav,"살려줘! 도와줘, 비상",편레 좀록 도와줘 비상 음,3.64,2,467.6,60.0,10,10,90.6,6
103,7F_HJY/2025-11-19_09-25-29_12345555_101_101_wallpad_427854813_알은불_켜줘.wav,알림음 켜줘,달린 거 켜 줘,2.72,1,234.1,60.0,5,5,86.8,3
265,modelhouse_2m/2025-12-02_14-51-13_12345567_101_105_wallpad_1570597813_알림음_꺼줘.mp3,알림음 꺼줘,알림는 거 좀,2.69,1,232.9,60.0,5,5,93.4,3
163,7F_KSK/12345555_101_101_wallpad_346532813_2025-11-18_10:50:08_나_가스밸브_잠궜나.wav,나 가스밸브 잠궜나?,나 가스 밸브 담갔나 꺼았어,2.26,1,233.1,62.5,8,11,78.9,5
179,7F_KSK/12345555_101_101_wallpad_346646813_2025-11-18_10:52:01_응열어.wav,응 열어,응열럭 고,1.43,1,233.2,66.67,3,4,90.8,2
197,7F_KSK/12345555_101_101_wallpad_346779813_2025-11-18_10:54:14_소리_좀_줄여줘.wav,소리 좀 줄여줘,소리 좀 줄여 줘  시 켜줘 줘,1.81,1,232.9,66.67,6,10,77.6,4
131,7F_KSK/12345555_101_101_wallpad_346217813_2025-11-18_10:44:53_세대소독_알려줘.wav,세대소독 알려줘,세대소득 알려줘 세대 세예,1.39,1,232.8,71.43,7,11,85.5,5
326,modelhouse_3m/2025-12-02_13-36-55_12345567_101_105_wallpad_1799647320_응_닫아줘.mp3,응 닫아줘,음 담아줘 따,2.3,1,233.2,75.0,4,5,89.5,3
335,modelhouse_3m/2025-12-02_13-55-52_12345567_101_105_wallpad_1800784320_뭔가_해해줘.mp3,뭔데? 해줘.,원델 해 줘 뭐,2.46,1,234.2,75.0,4,5,90.8,3
210,7F_KSK/12345555_101_101_wallpad_346924813_2025-11-18_10:56:40_알림음_꺼줘.wav,알림음 꺼줘,알리음 꺼 줘 어 꺼줘,1.48,1,233.8,80.0,5,8,84.2,4
333,modelhouse_3m/2025-12-02_13-46-43_12345567_101_105_wallpad_1800235320_알림음_켜줘.mp3,알림음 켜줘,알리 방 사 줘 줘,1.85,1,233.3,80.0,5,6,89.5,4
354,modelhouse_3m/2025-12-02_14-15-35_12345567_101_105_wallpad_1801966320_채간을_모르_시는지_알려줘.mp3,지난 공지사항 알려줘,칠 월 오 일 언지 알려줘게 으,3.13,2,466.2,88.89,9,11,88.5,8
178,7F_KSK/12345555_101_101_wallpad_346640813_2025-11-18_10:51:55_열어줘.wav,열어줘,여러 종 오,0.76,1,233.2,133.33,3,4,94.7,4
69,7F_HJY/2025-11-19_09-20-54_12345555_101_101_wallpad_427578813_열어.wav,열어,열어약해 줘,2.3,1,234.0,150.0,2,5,90.8,3
216,modelhouse_2m/2025-12-02_14-37-23_12345567_101_105_wallpad_1803275320_원자_크해줘.mp3,뭔데? 해줘.,언제  해택해 줘리까,2.43,1,233.2,150.0,4,8,84.2,6
AVG,368 samples,,,2.9,1.5,340.0,17.99,9.3,10.0,86.7,1.5
